--
-- PostgreSQL database dump
--

SET statement_timeout = 0;
SET lock_timeout = 0;
SET client_encoding = 'UTF8';
SET standard_conforming_strings = on;
SET check_function_bodies = false;
SET client_min_messages = warning;

--
-- Name: plpgsql; Type: EXTENSION; Schema: -; Owner: 
--

CREATE EXTENSION IF NOT EXISTS plpgsql WITH SCHEMA pg_catalog;


--
-- Name: EXTENSION plpgsql; Type: COMMENT; Schema: -; Owner: 
--

COMMENT ON EXTENSION plpgsql IS 'PL/pgSQL procedural language';


SET search_path = public, pg_catalog;

SET default_tablespace = '';

SET default_with_oids = false;

--
-- Name: competitor; Type: TABLE; Schema: public; Owner: moat; Tablespace: 
--

CREATE TABLE competitor (
    id text NOT NULL,
    event_no integer,
    name text,
    nickname text,
    bio text,
    color text
);


ALTER TABLE competitor OWNER TO moat;

--
-- Name: competitor_location; Type: TABLE; Schema: public; Owner: moat; Tablespace: 
--

CREATE TABLE competitor_location (
    competitor text NOT NULL,
    event integer NOT NULL,
    latitude double precision,
    longitude double precision,
    "time" timestamp without time zone NOT NULL
);


ALTER TABLE competitor_location OWNER TO moat;

--
-- Name: event; Type: TABLE; Schema: public; Owner: moat; Tablespace: 
--

CREATE TABLE event (
    id integer NOT NULL,
    name text,
    raceday date
);


ALTER TABLE event OWNER TO moat;

--
-- Name: event_id_seq; Type: SEQUENCE; Schema: public; Owner: moat
--

CREATE SEQUENCE event_id_seq
    START WITH 1
    INCREMENT BY 1
    NO MINVALUE
    NO MAXVALUE
    CACHE 1;


ALTER TABLE event_id_seq OWNER TO moat;

--
-- Name: event_id_seq; Type: SEQUENCE OWNED BY; Schema: public; Owner: moat
--

ALTER SEQUENCE event_id_seq OWNED BY event.id;


--
-- Name: race_points; Type: TABLE; Schema: public; Owner: moat; Tablespace: 
--

CREATE TABLE race_points (
    event integer,
    name text,
    description text,
    latitude double precision,
    longitude double precision
);


ALTER TABLE race_points OWNER TO moat;

--
-- Name: id; Type: DEFAULT; Schema: public; Owner: moat
--

ALTER TABLE ONLY event ALTER COLUMN id SET DEFAULT nextval('event_id_seq'::regclass);


--
-- Data for Name: competitor; Type: TABLE DATA; Schema: public; Owner: moat
--

COPY competitor (id, event_no, name, nickname, bio, color) FROM stdin;
0iO0U50i48qi8vNhR1OzR7Z2Ec68GAro6	1	Zach Reeder	Batman	https://www.youtube.com/watch?v=99CGn8mMOwc	#F00
0NHajdvMm0QvFOVM5C8HV8UAVs2RMYxPX	2	Craig Tharp / Jon Ness	Boone and Crockett	http://survivaltrial.com/starena/boone-and-crockett/	#F00
0lqyZ4bNDuDmxePl9B4IBTATVfbW8DLyL	2	Robert Suttner	Rocket Bob	http://survivaltrial.com/starena/rocketbob/	#00F
081ldght1qiIPF0g0KTq16Y187PPzqZYd	2	David Weaver	BigBird	http://survivaltrial.com/starena/bigbird/	#FFFB00
0pzq3OyZpJE9PyQmWCk3pviodAxFl7TM9	2	Russ L.	Nack	http://survivaltrial.com/starena/nack/	#11BA25
0LWYWEERuDDaC2tNqZPCrqrIxuhvRcIFE	2	James Goyet	Sons of Liberty	http://survivaltrial.com/starena/sons-of-liberty/	#0DBFB3
037c2KLhcQiGvsTs7ecXyuYDerAO1QuBt	2	Ed Dawejko	D-Team	http://survivaltrial.com/starena/dteam/	#D67E31
\.


--
-- Data for Name: competitor_location; Type: TABLE DATA; Schema: public; Owner: moat
--

COPY competitor_location (competitor, event, latitude, longitude, "time") FROM stdin;
0iO0U50i48qi8vNhR1OzR7Z2Ec68GAro6	1	35.0572099999999978	-118.164370000000005	2015-02-13 01:39:11
0iO0U50i48qi8vNhR1OzR7Z2Ec68GAro6	1	35.2077999999999989	-117.998890000000003	2015-02-13 01:29:11
0iO0U50i48qi8vNhR1OzR7Z2Ec68GAro6	1	35.3240300000000005	-117.984859999999998	2015-02-13 01:19:09
0iO0U50i48qi8vNhR1OzR7Z2Ec68GAro6	1	35.0592299999999994	-118.162859999999995	2015-02-13 01:09:03
0iO0U50i48qi8vNhR1OzR7Z2Ec68GAro6	1	35.0980300000000014	-118.126570000000001	2015-02-27 21:11:28
0iO0U50i48qi8vNhR1OzR7Z2Ec68GAro6	1	35.4402299999999997	-118.601169999999996	2015-02-27 21:00:43
0iO0U50i48qi8vNhR1OzR7Z2Ec68GAro6	1	35.8762899999999973	-119.053970000000007	2015-02-27 20:50:41
0iO0U50i48qi8vNhR1OzR7Z2Ec68GAro6	1	36.2877799999999979	-119.536969999999997	2015-02-27 20:40:42
0iO0U50i48qi8vNhR1OzR7Z2Ec68GAro6	1	36.6969100000000026	-120.017669999999995	2015-02-27 20:30:45
0iO0U50i48qi8vNhR1OzR7Z2Ec68GAro6	1	37.1049399999999991	-120.507390000000001	2015-02-27 20:20:46
0iO0U50i48qi8vNhR1OzR7Z2Ec68GAro6	1	37.4335000000000022	-121.087450000000004	2015-02-27 20:10:43
0iO0U50i48qi8vNhR1OzR7Z2Ec68GAro6	1	37.756689999999999	-121.649019999999993	2015-02-27 20:00:44
0iO0U50i48qi8vNhR1OzR7Z2Ec68GAro6	1	37.9603999999999999	-122.045789999999997	2015-02-27 19:51:35
0iO0U50i48qi8vNhR1OzR7Z2Ec68GAro6	1	37.9804200000000023	-122.05847	2015-02-27 19:41:09
0iO0U50i48qi8vNhR1OzR7Z2Ec68GAro6	1	37.9804499999999976	-122.05847	2015-02-27 19:38:41
0NHajdvMm0QvFOVM5C8HV8UAVs2RMYxPX	2	36.7789799999999971	-104.501589999999993	2015-05-22 17:10:24
0NHajdvMm0QvFOVM5C8HV8UAVs2RMYxPX	2	36.7789100000000033	-104.501630000000006	2015-05-22 17:00:18
0NHajdvMm0QvFOVM5C8HV8UAVs2RMYxPX	2	36.7789100000000033	-104.501540000000006	2015-05-22 16:51:06
0lqyZ4bNDuDmxePl9B4IBTATVfbW8DLyL	2	36.7789399999999986	-104.501620000000003	2015-05-22 17:10:02
0lqyZ4bNDuDmxePl9B4IBTATVfbW8DLyL	2	36.7789500000000018	-104.501620000000003	2015-05-22 17:00:18
0lqyZ4bNDuDmxePl9B4IBTATVfbW8DLyL	2	36.7789599999999979	-104.501620000000003	2015-05-22 16:51:08
0NHajdvMm0QvFOVM5C8HV8UAVs2RMYxPX	2	36.779049999999998	-104.501720000000006	2015-05-22 17:20:30
0lqyZ4bNDuDmxePl9B4IBTATVfbW8DLyL	2	36.7795300000000012	-104.501429999999999	2015-05-22 17:20:12
0NHajdvMm0QvFOVM5C8HV8UAVs2RMYxPX	2	36.7792400000000015	-104.501329999999996	2015-05-22 17:30:19
0lqyZ4bNDuDmxePl9B4IBTATVfbW8DLyL	2	36.7793399999999977	-104.501589999999993	2015-05-22 17:30:04
0NHajdvMm0QvFOVM5C8HV8UAVs2RMYxPX	2	36.7779600000000002	-104.519679999999994	2015-05-22 17:40:04
0lqyZ4bNDuDmxePl9B4IBTATVfbW8DLyL	2	36.7779799999999994	-104.519679999999994	2015-05-22 17:39:49
0NHajdvMm0QvFOVM5C8HV8UAVs2RMYxPX	2	36.777949999999997	-104.519710000000003	2015-05-22 17:50:33
0lqyZ4bNDuDmxePl9B4IBTATVfbW8DLyL	2	36.7779700000000034	-104.519710000000003	2015-05-22 17:50:13
0NHajdvMm0QvFOVM5C8HV8UAVs2RMYxPX	2	36.7779600000000002	-104.5197	2015-05-22 17:59:58
0lqyZ4bNDuDmxePl9B4IBTATVfbW8DLyL	2	36.777949999999997	-104.519710000000003	2015-05-22 17:59:44
0lqyZ4bNDuDmxePl9B4IBTATVfbW8DLyL	2	36.7776500000000013	-104.519649999999999	2015-05-22 18:13:06
0NHajdvMm0QvFOVM5C8HV8UAVs2RMYxPX	2	36.7779900000000026	-104.519710000000003	2015-05-22 18:24:07
0lqyZ4bNDuDmxePl9B4IBTATVfbW8DLyL	2	36.7728899999999967	-104.518109999999993	2015-05-22 18:23:06
0NHajdvMm0QvFOVM5C8HV8UAVs2RMYxPX	2	36.7728800000000007	-104.518129999999999	2015-05-22 18:34:01
0lqyZ4bNDuDmxePl9B4IBTATVfbW8DLyL	2	36.7728800000000007	-104.518109999999993	2015-05-22 18:32:53
0NHajdvMm0QvFOVM5C8HV8UAVs2RMYxPX	2	36.7728800000000007	-104.518159999999995	2015-05-22 18:43:55
0lqyZ4bNDuDmxePl9B4IBTATVfbW8DLyL	2	36.7728800000000007	-104.518109999999993	2015-05-22 18:42:53
0lqyZ4bNDuDmxePl9B4IBTATVfbW8DLyL	2	36.7731899999999996	-104.518219999999999	2015-05-22 18:53:00
0NHajdvMm0QvFOVM5C8HV8UAVs2RMYxPX	2	36.7728800000000007	-104.518169999999998	2015-05-22 19:36:13
0lqyZ4bNDuDmxePl9B4IBTATVfbW8DLyL	2	36.7731899999999996	-104.518199999999993	2015-05-22 19:33:03
0NHajdvMm0QvFOVM5C8HV8UAVs2RMYxPX	2	36.7729599999999976	-104.525180000000006	2015-05-22 19:46:11
0lqyZ4bNDuDmxePl9B4IBTATVfbW8DLyL	2	36.7736400000000003	-104.523650000000004	2015-05-22 19:42:59
0NHajdvMm0QvFOVM5C8HV8UAVs2RMYxPX	2	36.7752300000000005	-104.529910000000001	2015-05-22 19:56:30
0lqyZ4bNDuDmxePl9B4IBTATVfbW8DLyL	2	36.7753900000000016	-104.530699999999996	2015-05-22 19:53:30
0NHajdvMm0QvFOVM5C8HV8UAVs2RMYxPX	2	36.7753399999999999	-104.529309999999995	2015-05-22 20:06:08
0lqyZ4bNDuDmxePl9B4IBTATVfbW8DLyL	2	36.7753500000000031	-104.529330000000002	2015-05-22 20:02:49
0NHajdvMm0QvFOVM5C8HV8UAVs2RMYxPX	2	36.7753399999999999	-104.529330000000002	2015-05-22 20:16:03
0NHajdvMm0QvFOVM5C8HV8UAVs2RMYxPX	2	36.7753599999999992	-104.529309999999995	2015-05-22 20:28:43
0lqyZ4bNDuDmxePl9B4IBTATVfbW8DLyL	2	36.7762299999999982	-104.529169999999993	2015-05-22 20:22:41
0lqyZ4bNDuDmxePl9B4IBTATVfbW8DLyL	2	36.7753299999999967	-104.529340000000005	2015-05-22 20:12:41
0lqyZ4bNDuDmxePl9B4IBTATVfbW8DLyL	2	36.7741299999999995	-104.521960000000007	2015-05-22 20:32:41
0NHajdvMm0QvFOVM5C8HV8UAVs2RMYxPX	2	36.7751799999999989	-104.522779999999997	2015-05-22 20:38:34
0NHajdvMm0QvFOVM5C8HV8UAVs2RMYxPX	2	36.7742799999999974	-104.518799999999999	2015-05-22 20:48:27
0lqyZ4bNDuDmxePl9B4IBTATVfbW8DLyL	2	36.7742300000000029	-104.518770000000004	2015-05-22 20:43:20
0lqyZ4bNDuDmxePl9B4IBTATVfbW8DLyL	2	36.7742300000000029	-104.518770000000004	2015-05-22 20:53:20
0NHajdvMm0QvFOVM5C8HV8UAVs2RMYxPX	2	36.7712399999999988	-104.517650000000003	2015-05-22 20:59:00
0lqyZ4bNDuDmxePl9B4IBTATVfbW8DLyL	2	36.7717900000000029	-104.51773	2015-05-22 21:02:32
0NHajdvMm0QvFOVM5C8HV8UAVs2RMYxPX	2	36.7585400000000035	-104.513689999999997	2015-05-22 21:08:09
0lqyZ4bNDuDmxePl9B4IBTATVfbW8DLyL	2	36.7652199999999993	-104.517939999999996	2015-05-22 21:12:28
0NHajdvMm0QvFOVM5C8HV8UAVs2RMYxPX	2	36.7494000000000014	-104.510769999999994	2015-05-22 21:18:09
0NHajdvMm0QvFOVM5C8HV8UAVs2RMYxPX	2	36.7494900000000015	-104.510890000000003	2015-05-22 21:28:03
0NHajdvMm0QvFOVM5C8HV8UAVs2RMYxPX	2	36.7501999999999995	-104.517489999999995	2015-05-22 21:37:57
0lqyZ4bNDuDmxePl9B4IBTATVfbW8DLyL	2	36.7528999999999968	-104.518950000000004	2015-05-22 21:32:26
0lqyZ4bNDuDmxePl9B4IBTATVfbW8DLyL	2	36.7587800000000016	-104.518690000000007	2015-05-22 21:22:26
0lqyZ4bNDuDmxePl9B4IBTATVfbW8DLyL	2	36.7528999999999968	-104.518950000000004	2015-05-22 21:42:26
0NHajdvMm0QvFOVM5C8HV8UAVs2RMYxPX	2	36.7528999999999968	-104.518950000000004	2015-05-22 21:48:04
0NHajdvMm0QvFOVM5C8HV8UAVs2RMYxPX	2	36.7528799999999976	-104.518919999999994	2015-05-22 21:57:54
0NHajdvMm0QvFOVM5C8HV8UAVs2RMYxPX	2	36.7528799999999976	-104.518919999999994	2015-05-22 22:07:54
0lqyZ4bNDuDmxePl9B4IBTATVfbW8DLyL	2	36.7529400000000024	-104.518950000000004	2015-05-22 22:26:41
0lqyZ4bNDuDmxePl9B4IBTATVfbW8DLyL	2	36.7529400000000024	-104.518950000000004	2015-05-22 22:16:41
0lqyZ4bNDuDmxePl9B4IBTATVfbW8DLyL	2	36.7529899999999969	-104.518969999999996	2015-05-22 22:36:27
0lqyZ4bNDuDmxePl9B4IBTATVfbW8DLyL	2	36.7531600000000012	-104.512680000000003	2015-05-22 22:46:23
0lqyZ4bNDuDmxePl9B4IBTATVfbW8DLyL	2	36.7550000000000026	-104.506379999999993	2015-05-22 22:56:42
0lqyZ4bNDuDmxePl9B4IBTATVfbW8DLyL	2	36.7596199999999982	-104.503690000000006	2015-05-22 23:06:17
0lqyZ4bNDuDmxePl9B4IBTATVfbW8DLyL	2	36.7647400000000033	-104.500429999999994	2015-05-22 23:16:16
0NHajdvMm0QvFOVM5C8HV8UAVs2RMYxPX	2	36.7528799999999976	-104.518910000000005	2015-05-22 23:19:32
0lqyZ4bNDuDmxePl9B4IBTATVfbW8DLyL	2	36.7672499999999971	-104.498519999999999	2015-05-22 23:26:14
0NHajdvMm0QvFOVM5C8HV8UAVs2RMYxPX	2	36.7551599999999965	-104.516800000000003	2015-05-22 23:28:56
0lqyZ4bNDuDmxePl9B4IBTATVfbW8DLyL	2	36.7672700000000034	-104.498500000000007	2015-05-22 23:36:13
0NHajdvMm0QvFOVM5C8HV8UAVs2RMYxPX	2	36.7582999999999984	-104.513570000000001	2015-05-22 23:38:52
0lqyZ4bNDuDmxePl9B4IBTATVfbW8DLyL	2	36.7674000000000021	-104.498930000000001	2015-05-22 23:46:07
0lqyZ4bNDuDmxePl9B4IBTATVfbW8DLyL	2	36.7714500000000015	-104.498320000000007	2015-05-22 23:56:31
0NHajdvMm0QvFOVM5C8HV8UAVs2RMYxPX	2	36.7676900000000018	-104.503900000000002	2015-05-22 23:58:42
0NHajdvMm0QvFOVM5C8HV8UAVs2RMYxPX	2	36.763060000000003	-104.508880000000005	2015-05-22 23:48:42
0NHajdvMm0QvFOVM5C8HV8UAVs2RMYxPX	2	36.7699599999999975	-104.500810000000001	2015-05-23 00:08:42
0lqyZ4bNDuDmxePl9B4IBTATVfbW8DLyL	2	36.7743899999999968	-104.497879999999995	2015-05-23 00:15:50
0lqyZ4bNDuDmxePl9B4IBTATVfbW8DLyL	2	36.7742599999999982	-104.499080000000006	2015-05-23 00:05:50
0NHajdvMm0QvFOVM5C8HV8UAVs2RMYxPX	2	36.7700099999999992	-104.500810000000001	2015-05-23 00:19:07
0lqyZ4bNDuDmxePl9B4IBTATVfbW8DLyL	2	36.7723799999999983	-104.50009	2015-05-23 00:25:44
0NHajdvMm0QvFOVM5C8HV8UAVs2RMYxPX	2	36.7700299999999984	-104.500789999999995	2015-05-23 00:28:33
0NHajdvMm0QvFOVM5C8HV8UAVs2RMYxPX	2	36.770620000000001	-104.500900000000001	2015-05-23 00:45:26
0lqyZ4bNDuDmxePl9B4IBTATVfbW8DLyL	2	36.7700000000000031	-104.500839999999997	2015-05-23 00:45:34
0lqyZ4bNDuDmxePl9B4IBTATVfbW8DLyL	2	36.7700000000000031	-104.500839999999997	2015-05-23 00:35:34
0NHajdvMm0QvFOVM5C8HV8UAVs2RMYxPX	2	36.775109999999998	-104.500630000000001	2015-05-23 00:55:22
0NHajdvMm0QvFOVM5C8HV8UAVs2RMYxPX	2	36.7808500000000009	-104.49906	2015-05-23 01:05:08
0lqyZ4bNDuDmxePl9B4IBTATVfbW8DLyL	2	36.7703300000000013	-104.500749999999996	2015-05-23 01:11:39
0NHajdvMm0QvFOVM5C8HV8UAVs2RMYxPX	2	36.786990000000003	-104.497339999999994	2015-05-23 01:15:08
0lqyZ4bNDuDmxePl9B4IBTATVfbW8DLyL	2	36.7745400000000018	-104.499039999999994	2015-05-23 01:21:32
0NHajdvMm0QvFOVM5C8HV8UAVs2RMYxPX	2	36.7919600000000031	-104.493769999999998	2015-05-23 01:25:32
0lqyZ4bNDuDmxePl9B4IBTATVfbW8DLyL	2	36.7789799999999971	-104.499269999999996	2015-05-23 01:31:28
0NHajdvMm0QvFOVM5C8HV8UAVs2RMYxPX	2	36.7938199999999966	-104.491609999999994	2015-05-23 01:35:12
0lqyZ4bNDuDmxePl9B4IBTATVfbW8DLyL	2	36.7846699999999984	-104.499420000000001	2015-05-23 01:41:24
0NHajdvMm0QvFOVM5C8HV8UAVs2RMYxPX	2	36.7938199999999966	-104.491590000000002	2015-05-23 01:44:54
0lqyZ4bNDuDmxePl9B4IBTATVfbW8DLyL	2	36.7899600000000007	-104.499979999999994	2015-05-23 01:51:18
0NHajdvMm0QvFOVM5C8HV8UAVs2RMYxPX	2	36.7937700000000021	-104.491550000000004	2015-05-23 01:54:49
0NHajdvMm0QvFOVM5C8HV8UAVs2RMYxPX	2	36.7937900000000013	-104.491560000000007	2015-05-23 02:04:44
0NHajdvMm0QvFOVM5C8HV8UAVs2RMYxPX	2	36.7938199999999966	-104.491609999999994	2015-05-23 02:15:01
0lqyZ4bNDuDmxePl9B4IBTATVfbW8DLyL	2	36.7911599999999979	-104.496030000000005	2015-05-23 02:21:01
0lqyZ4bNDuDmxePl9B4IBTATVfbW8DLyL	2	36.789830000000002	-104.499889999999994	2015-05-23 02:11:01
0lqyZ4bNDuDmxePl9B4IBTATVfbW8DLyL	2	36.7899200000000022	-104.499889999999994	2015-05-23 02:01:01
0NHajdvMm0QvFOVM5C8HV8UAVs2RMYxPX	2	36.7938199999999966	-104.491609999999994	2015-05-23 02:25:01
0NHajdvMm0QvFOVM5C8HV8UAVs2RMYxPX	2	36.7938899999999975	-104.491810000000001	2015-05-23 02:40:53
0NHajdvMm0QvFOVM5C8HV8UAVs2RMYxPX	2	36.7939799999999977	-104.492000000000004	2015-05-23 02:50:48
0NHajdvMm0QvFOVM5C8HV8UAVs2RMYxPX	2	36.79392	-104.491960000000006	2015-05-23 03:00:41
0lqyZ4bNDuDmxePl9B4IBTATVfbW8DLyL	2	36.7937399999999997	-104.491550000000004	2015-05-23 03:01:01
0lqyZ4bNDuDmxePl9B4IBTATVfbW8DLyL	2	36.7936499999999995	-104.491550000000004	2015-05-23 02:51:01
0lqyZ4bNDuDmxePl9B4IBTATVfbW8DLyL	2	36.793689999999998	-104.491550000000004	2015-05-23 02:41:01
0NHajdvMm0QvFOVM5C8HV8UAVs2RMYxPX	2	36.7939599999999984	-104.491960000000006	2015-05-23 03:11:58
0NHajdvMm0QvFOVM5C8HV8UAVs2RMYxPX	2	36.7912200000000027	-104.495900000000006	2015-05-23 03:21:50
0lqyZ4bNDuDmxePl9B4IBTATVfbW8DLyL	2	36.7937399999999997	-104.491560000000007	2015-05-23 03:26:52
0NHajdvMm0QvFOVM5C8HV8UAVs2RMYxPX	2	36.7887399999999971	-104.503280000000004	2015-05-23 03:32:23
0NHajdvMm0QvFOVM5C8HV8UAVs2RMYxPX	2	36.7887600000000035	-104.503280000000004	2015-05-23 03:41:39
0lqyZ4bNDuDmxePl9B4IBTATVfbW8DLyL	2	36.7939099999999968	-104.491929999999996	2015-05-23 03:36:59
0lqyZ4bNDuDmxePl9B4IBTATVfbW8DLyL	2	36.7939300000000031	-104.491929999999996	2015-05-23 03:46:45
0NHajdvMm0QvFOVM5C8HV8UAVs2RMYxPX	2	36.7870100000000022	-104.509190000000004	2015-05-23 03:51:43
0lqyZ4bNDuDmxePl9B4IBTATVfbW8DLyL	2	36.7938800000000015	-104.491960000000006	2015-05-23 03:56:55
0NHajdvMm0QvFOVM5C8HV8UAVs2RMYxPX	2	36.7850699999999975	-104.522660000000002	2015-05-23 04:11:23
0NHajdvMm0QvFOVM5C8HV8UAVs2RMYxPX	2	36.7868700000000004	-104.514589999999998	2015-05-23 04:01:23
0lqyZ4bNDuDmxePl9B4IBTATVfbW8DLyL	2	36.793689999999998	-104.492750000000001	2015-05-23 04:07:10
0lqyZ4bNDuDmxePl9B4IBTATVfbW8DLyL	2	36.7933400000000006	-104.497309999999999	2015-05-23 04:16:38
0NHajdvMm0QvFOVM5C8HV8UAVs2RMYxPX	2	36.7836599999999976	-104.525880000000001	2015-05-23 04:21:26
0NHajdvMm0QvFOVM5C8HV8UAVs2RMYxPX	2	36.7819900000000004	-104.529570000000007	2015-05-23 04:31:31
0lqyZ4bNDuDmxePl9B4IBTATVfbW8DLyL	2	36.797469999999997	-104.505279999999999	2015-05-23 04:36:36
0lqyZ4bNDuDmxePl9B4IBTATVfbW8DLyL	2	36.795499999999997	-104.501850000000005	2015-05-23 04:26:36
0NHajdvMm0QvFOVM5C8HV8UAVs2RMYxPX	2	36.7845999999999975	-104.536240000000006	2015-05-23 04:41:09
0lqyZ4bNDuDmxePl9B4IBTATVfbW8DLyL	2	36.7974499999999978	-104.505279999999999	2015-05-23 04:46:30
0NHajdvMm0QvFOVM5C8HV8UAVs2RMYxPX	2	36.7863200000000035	-104.541820000000001	2015-05-23 04:51:04
0lqyZ4bNDuDmxePl9B4IBTATVfbW8DLyL	2	36.7974800000000002	-104.505260000000007	2015-05-23 04:56:25
0NHajdvMm0QvFOVM5C8HV8UAVs2RMYxPX	2	36.7876899999999978	-104.549480000000003	2015-05-23 05:01:00
0NHajdvMm0QvFOVM5C8HV8UAVs2RMYxPX	2	36.7882699999999971	-104.553150000000002	2015-05-23 05:11:12
0lqyZ4bNDuDmxePl9B4IBTATVfbW8DLyL	2	36.7977199999999982	-104.506649999999993	2015-05-23 05:06:58
0lqyZ4bNDuDmxePl9B4IBTATVfbW8DLyL	2	36.7974900000000034	-104.507810000000006	2015-05-23 05:16:25
0NHajdvMm0QvFOVM5C8HV8UAVs2RMYxPX	2	36.7882900000000035	-104.553150000000002	2015-05-23 05:21:06
0lqyZ4bNDuDmxePl9B4IBTATVfbW8DLyL	2	36.7967299999999966	-104.509810000000002	2015-05-23 05:26:28
0NHajdvMm0QvFOVM5C8HV8UAVs2RMYxPX	2	36.7882499999999979	-104.553100000000001	2015-05-23 05:31:30
0lqyZ4bNDuDmxePl9B4IBTATVfbW8DLyL	2	36.7951100000000011	-104.513409999999993	2015-05-23 05:36:25
0NHajdvMm0QvFOVM5C8HV8UAVs2RMYxPX	2	36.7882999999999996	-104.555679999999995	2015-05-23 05:40:55
0NHajdvMm0QvFOVM5C8HV8UAVs2RMYxPX	2	36.7884600000000006	-104.557569999999998	2015-05-23 05:50:50
0lqyZ4bNDuDmxePl9B4IBTATVfbW8DLyL	2	36.793610000000001	-104.516649999999998	2015-05-23 05:56:16
0lqyZ4bNDuDmxePl9B4IBTATVfbW8DLyL	2	36.7937399999999997	-104.515190000000004	2015-05-23 05:46:16
0NHajdvMm0QvFOVM5C8HV8UAVs2RMYxPX	2	36.7895499999999984	-104.561340000000001	2015-05-23 06:00:44
0lqyZ4bNDuDmxePl9B4IBTATVfbW8DLyL	2	36.7950700000000026	-104.519009999999994	2015-05-23 06:06:32
0NHajdvMm0QvFOVM5C8HV8UAVs2RMYxPX	2	36.7924000000000007	-104.566069999999996	2015-05-23 06:10:41
0NHajdvMm0QvFOVM5C8HV8UAVs2RMYxPX	2	36.7938699999999983	-104.571110000000004	2015-05-23 06:20:35
0lqyZ4bNDuDmxePl9B4IBTATVfbW8DLyL	2	36.7963299999999975	-104.521439999999998	2015-05-23 06:26:07
0NHajdvMm0QvFOVM5C8HV8UAVs2RMYxPX	2	36.7929900000000032	-104.576480000000004	2015-05-23 06:40:31
0NHajdvMm0QvFOVM5C8HV8UAVs2RMYxPX	2	36.792819999999999	-104.575710000000001	2015-05-23 06:30:31
0lqyZ4bNDuDmxePl9B4IBTATVfbW8DLyL	2	36.7956999999999965	-104.518159999999995	2015-05-23 06:46:03
0lqyZ4bNDuDmxePl9B4IBTATVfbW8DLyL	2	36.7959999999999994	-104.520129999999995	2015-05-23 06:36:03
0NHajdvMm0QvFOVM5C8HV8UAVs2RMYxPX	2	36.7930300000000017	-104.576490000000007	2015-05-23 06:50:34
0NHajdvMm0QvFOVM5C8HV8UAVs2RMYxPX	2	36.7929900000000032	-104.576490000000007	2015-05-23 07:00:16
0lqyZ4bNDuDmxePl9B4IBTATVfbW8DLyL	2	36.800379999999997	-104.519419999999997	2015-05-23 07:06:32
0NHajdvMm0QvFOVM5C8HV8UAVs2RMYxPX	2	36.7930199999999985	-104.576490000000007	2015-05-23 07:10:22
0lqyZ4bNDuDmxePl9B4IBTATVfbW8DLyL	2	36.8009699999999995	-104.519909999999996	2015-05-23 07:15:55
0lqyZ4bNDuDmxePl9B4IBTATVfbW8DLyL	2	36.7992100000000022	-104.520079999999993	2015-05-23 06:55:55
0lqyZ4bNDuDmxePl9B4IBTATVfbW8DLyL	2	36.8040700000000029	-104.521180000000001	2015-05-23 07:55:46
0lqyZ4bNDuDmxePl9B4IBTATVfbW8DLyL	2	36.8033000000000001	-104.521180000000001	2015-05-23 07:45:46
0lqyZ4bNDuDmxePl9B4IBTATVfbW8DLyL	2	36.80321	-104.520489999999995	2015-05-23 07:35:46
0lqyZ4bNDuDmxePl9B4IBTATVfbW8DLyL	2	36.8057299999999969	-104.519589999999994	2015-05-23 08:25:50
0lqyZ4bNDuDmxePl9B4IBTATVfbW8DLyL	2	36.8055999999999983	-104.519589999999994	2015-05-23 08:15:50
0lqyZ4bNDuDmxePl9B4IBTATVfbW8DLyL	2	36.8048700000000011	-104.519930000000002	2015-05-23 08:05:50
0lqyZ4bNDuDmxePl9B4IBTATVfbW8DLyL	2	36.805889999999998	-104.519850000000005	2015-05-23 08:35:55
0NHajdvMm0QvFOVM5C8HV8UAVs2RMYxPX	2	36.7930800000000033	-104.576859999999996	2015-05-23 09:21:39
0NHajdvMm0QvFOVM5C8HV8UAVs2RMYxPX	2	36.7930800000000033	-104.576859999999996	2015-05-23 09:11:39
0NHajdvMm0QvFOVM5C8HV8UAVs2RMYxPX	2	36.793210000000002	-104.576859999999996	2015-05-23 09:01:39
0lqyZ4bNDuDmxePl9B4IBTATVfbW8DLyL	2	36.8046099999999967	-104.521870000000007	2015-05-23 09:25:41
0NHajdvMm0QvFOVM5C8HV8UAVs2RMYxPX	2	36.7929099999999991	-104.576999999999998	2015-05-23 09:32:08
0NHajdvMm0QvFOVM5C8HV8UAVs2RMYxPX	2	36.7929499999999976	-104.576999999999998	2015-05-23 09:42:08
0NHajdvMm0QvFOVM5C8HV8UAVs2RMYxPX	2	36.7930500000000009	-104.576779999999999	2015-05-23 09:51:36
0NHajdvMm0QvFOVM5C8HV8UAVs2RMYxPX	2	36.7915500000000009	-104.583560000000006	2015-05-23 10:11:29
0NHajdvMm0QvFOVM5C8HV8UAVs2RMYxPX	2	36.7927499999999981	-104.578149999999994	2015-05-23 10:01:29
0NHajdvMm0QvFOVM5C8HV8UAVs2RMYxPX	2	36.8001199999999997	-104.598179999999999	2015-05-23 11:01:04
0NHajdvMm0QvFOVM5C8HV8UAVs2RMYxPX	2	36.7979300000000009	-104.594660000000005	2015-05-23 10:51:04
0NHajdvMm0QvFOVM5C8HV8UAVs2RMYxPX	2	36.7963400000000007	-104.593289999999996	2015-05-23 10:41:04
0lqyZ4bNDuDmxePl9B4IBTATVfbW8DLyL	2	36.8046399999999991	-104.521820000000005	2015-05-23 11:03:54
0NHajdvMm0QvFOVM5C8HV8UAVs2RMYxPX	2	36.8033599999999979	-104.602140000000006	2015-05-23 11:21:04
0NHajdvMm0QvFOVM5C8HV8UAVs2RMYxPX	2	36.8033399999999986	-104.602109999999996	2015-05-23 11:30:53
0lqyZ4bNDuDmxePl9B4IBTATVfbW8DLyL	2	36.8045899999999975	-104.521839999999997	2015-05-23 12:32:34
0lqyZ4bNDuDmxePl9B4IBTATVfbW8DLyL	2	36.8045899999999975	-104.521839999999997	2015-05-23 12:22:34
0NHajdvMm0QvFOVM5C8HV8UAVs2RMYxPX	2	36.8031799999999976	-104.602180000000004	2015-05-23 12:39:01
0lqyZ4bNDuDmxePl9B4IBTATVfbW8DLyL	2	36.8049299999999988	-104.521500000000003	2015-05-23 12:42:34
0NHajdvMm0QvFOVM5C8HV8UAVs2RMYxPX	2	36.8051499999999976	-104.600809999999996	2015-05-23 12:49:01
0lqyZ4bNDuDmxePl9B4IBTATVfbW8DLyL	2	36.805889999999998	-104.521299999999997	2015-05-23 12:52:31
0NHajdvMm0QvFOVM5C8HV8UAVs2RMYxPX	2	36.8041199999999975	-104.600309999999993	2015-05-23 12:58:23
0NHajdvMm0QvFOVM5C8HV8UAVs2RMYxPX	2	36.8040900000000022	-104.600189999999998	2015-05-23 13:08:19
0lqyZ4bNDuDmxePl9B4IBTATVfbW8DLyL	2	36.8068900000000028	-104.520600000000002	2015-05-23 13:02:03
0lqyZ4bNDuDmxePl9B4IBTATVfbW8DLyL	2	36.8070599999999999	-104.520169999999993	2015-05-23 13:12:03
0lqyZ4bNDuDmxePl9B4IBTATVfbW8DLyL	2	36.8084599999999966	-104.518230000000003	2015-05-23 13:22:29
0NHajdvMm0QvFOVM5C8HV8UAVs2RMYxPX	2	36.8085299999999975	-104.595929999999996	2015-05-23 14:16:12
0NHajdvMm0QvFOVM5C8HV8UAVs2RMYxPX	2	36.8052500000000009	-104.598510000000005	2015-05-23 14:25:41
0lqyZ4bNDuDmxePl9B4IBTATVfbW8DLyL	2	36.82376	-104.518230000000003	2015-05-23 14:41:23
0NHajdvMm0QvFOVM5C8HV8UAVs2RMYxPX	2	36.8034600000000012	-104.60266	2015-05-23 14:45:48
0NHajdvMm0QvFOVM5C8HV8UAVs2RMYxPX	2	36.8044500000000028	-104.601799999999997	2015-05-23 14:35:48
0NHajdvMm0QvFOVM5C8HV8UAVs2RMYxPX	2	36.8036499999999975	-104.602720000000005	2015-05-23 14:55:32
0NHajdvMm0QvFOVM5C8HV8UAVs2RMYxPX	2	36.8024699999999996	-104.605320000000006	2015-05-23 15:16:38
0NHajdvMm0QvFOVM5C8HV8UAVs2RMYxPX	2	36.8031999999999968	-104.604119999999995	2015-05-23 15:06:38
0NHajdvMm0QvFOVM5C8HV8UAVs2RMYxPX	2	36.80227	-104.606020000000001	2015-05-23 15:25:26
0NHajdvMm0QvFOVM5C8HV8UAVs2RMYxPX	2	36.8029200000000003	-104.608109999999996	2015-05-23 15:35:34
0NHajdvMm0QvFOVM5C8HV8UAVs2RMYxPX	2	36.8060199999999966	-104.609589999999997	2015-05-23 15:45:29
0NHajdvMm0QvFOVM5C8HV8UAVs2RMYxPX	2	36.8085999999999984	-104.61139	2015-05-23 15:55:23
0NHajdvMm0QvFOVM5C8HV8UAVs2RMYxPX	2	36.8089000000000013	-104.611540000000005	2015-05-23 16:05:18
0lqyZ4bNDuDmxePl9B4IBTATVfbW8DLyL	2	36.829970000000003	-104.509020000000007	2015-05-23 16:26:12
0NHajdvMm0QvFOVM5C8HV8UAVs2RMYxPX	2	36.808959999999999	-104.611590000000007	2015-05-23 16:32:25
0lqyZ4bNDuDmxePl9B4IBTATVfbW8DLyL	2	36.8300899999999984	-104.508870000000002	2015-05-23 16:35:46
0NHajdvMm0QvFOVM5C8HV8UAVs2RMYxPX	2	36.8114300000000014	-104.613619999999997	2015-05-23 16:42:17
0lqyZ4bNDuDmxePl9B4IBTATVfbW8DLyL	2	36.8301299999999969	-104.509020000000007	2015-05-23 16:45:42
081ldght1qiIPF0g0KTq16Y187PPzqZYd	2	36.7792999999999992	-104.501689999999996	2015-05-23 17:18:24
081ldght1qiIPF0g0KTq16Y187PPzqZYd	2	36.7793399999999977	-104.501649999999998	2015-05-23 17:08:32
081ldght1qiIPF0g0KTq16Y187PPzqZYd	2	36.7789900000000003	-104.501589999999993	2015-05-23 16:59:13
0pzq3OyZpJE9PyQmWCk3pviodAxFl7TM9	2	36.7795300000000012	-104.501739999999998	2015-05-23 17:18:56
0pzq3OyZpJE9PyQmWCk3pviodAxFl7TM9	2	36.7792699999999968	-104.501829999999998	2015-05-23 17:08:56
0pzq3OyZpJE9PyQmWCk3pviodAxFl7TM9	2	36.7789799999999971	-104.501589999999993	2015-05-23 16:59:33
0pzq3OyZpJE9PyQmWCk3pviodAxFl7TM9	2	36.7801199999999966	-104.501949999999994	2015-05-23 17:28:45
037c2KLhcQiGvsTs7ecXyuYDerAO1QuBt	2	36.77928	-104.501909999999995	2015-05-23 17:29:05
037c2KLhcQiGvsTs7ecXyuYDerAO1QuBt	2	36.7793399999999977	-104.501750000000001	2015-05-23 17:19:12
0LWYWEERuDDaC2tNqZPCrqrIxuhvRcIFE	2	36.7792400000000015	-104.501900000000006	2015-05-23 17:29:04
0LWYWEERuDDaC2tNqZPCrqrIxuhvRcIFE	2	36.7793700000000001	-104.501829999999998	2015-05-23 17:19:26
0LWYWEERuDDaC2tNqZPCrqrIxuhvRcIFE	2	36.7785099999999971	-104.517259999999993	2015-05-23 17:39:04
037c2KLhcQiGvsTs7ecXyuYDerAO1QuBt	2	36.7782800000000023	-104.515000000000001	2015-05-23 17:38:50
0pzq3OyZpJE9PyQmWCk3pviodAxFl7TM9	2	36.7779099999999985	-104.512180000000001	2015-05-23 17:38:44
0pzq3OyZpJE9PyQmWCk3pviodAxFl7TM9	2	36.7779099999999985	-104.519649999999999	2015-05-23 17:48:44
0LWYWEERuDDaC2tNqZPCrqrIxuhvRcIFE	2	36.777940000000001	-104.519710000000003	2015-05-23 17:49:03
037c2KLhcQiGvsTs7ecXyuYDerAO1QuBt	2	36.7779099999999985	-104.5197	2015-05-23 17:48:49
0pzq3OyZpJE9PyQmWCk3pviodAxFl7TM9	2	36.7779099999999985	-104.5197	2015-05-23 17:58:25
0LWYWEERuDDaC2tNqZPCrqrIxuhvRcIFE	2	36.7779200000000017	-104.5197	2015-05-23 17:58:55
037c2KLhcQiGvsTs7ecXyuYDerAO1QuBt	2	36.777949999999997	-104.519739999999999	2015-05-23 17:58:51
0pzq3OyZpJE9PyQmWCk3pviodAxFl7TM9	2	36.7779099999999985	-104.5197	2015-05-23 18:08:25
0LWYWEERuDDaC2tNqZPCrqrIxuhvRcIFE	2	36.7779200000000017	-104.5197	2015-05-23 18:08:55
037c2KLhcQiGvsTs7ecXyuYDerAO1QuBt	2	36.777949999999997	-104.519739999999999	2015-05-23 18:08:51
081ldght1qiIPF0g0KTq16Y187PPzqZYd	2	36.7779299999999978	-104.519620000000003	2015-05-23 18:07:58
081ldght1qiIPF0g0KTq16Y187PPzqZYd	2	36.7779299999999978	-104.519620000000003	2015-05-23 17:57:58
081ldght1qiIPF0g0KTq16Y187PPzqZYd	2	36.7775000000000034	-104.519710000000003	2015-05-23 18:17:58
0pzq3OyZpJE9PyQmWCk3pviodAxFl7TM9	2	36.7722699999999989	-104.518129999999999	2015-05-23 18:18:24
0LWYWEERuDDaC2tNqZPCrqrIxuhvRcIFE	2	36.7724600000000024	-104.518550000000005	2015-05-23 18:18:46
037c2KLhcQiGvsTs7ecXyuYDerAO1QuBt	2	36.7752100000000013	-104.519120000000001	2015-05-23 18:18:51
0pzq3OyZpJE9PyQmWCk3pviodAxFl7TM9	2	36.7722899999999981	-104.518129999999999	2015-05-23 18:28:23
037c2KLhcQiGvsTs7ecXyuYDerAO1QuBt	2	36.772350000000003	-104.518159999999995	2015-05-23 18:28:48
081ldght1qiIPF0g0KTq16Y187PPzqZYd	2	36.7723799999999983	-104.518159999999995	2015-05-23 18:27:51
081ldght1qiIPF0g0KTq16Y187PPzqZYd	2	36.7723399999999998	-104.518159999999995	2015-05-23 18:37:51
0pzq3OyZpJE9PyQmWCk3pviodAxFl7TM9	2	36.7726200000000034	-104.518109999999993	2015-05-23 18:38:23
0LWYWEERuDDaC2tNqZPCrqrIxuhvRcIFE	2	36.7723000000000013	-104.518219999999999	2015-05-23 18:38:30
0LWYWEERuDDaC2tNqZPCrqrIxuhvRcIFE	2	36.7723000000000013	-104.518219999999999	2015-05-23 18:28:30
081ldght1qiIPF0g0KTq16Y187PPzqZYd	2	36.7723399999999998	-104.518129999999999	2015-05-23 18:47:48
0pzq3OyZpJE9PyQmWCk3pviodAxFl7TM9	2	36.7723399999999998	-104.518129999999999	2015-05-23 18:48:23
0LWYWEERuDDaC2tNqZPCrqrIxuhvRcIFE	2	36.7734999999999985	-104.518389999999997	2015-05-23 18:48:30
0LWYWEERuDDaC2tNqZPCrqrIxuhvRcIFE	2	36.7776199999999989	-104.519710000000003	2015-05-23 18:59:00
0pzq3OyZpJE9PyQmWCk3pviodAxFl7TM9	2	36.7725799999999978	-104.517830000000004	2015-05-23 19:08:18
0pzq3OyZpJE9PyQmWCk3pviodAxFl7TM9	2	36.7723200000000006	-104.518090000000001	2015-05-23 18:58:18
0LWYWEERuDDaC2tNqZPCrqrIxuhvRcIFE	2	36.7778300000000016	-104.519589999999994	2015-05-23 19:08:11
037c2KLhcQiGvsTs7ecXyuYDerAO1QuBt	2	36.7749999999999986	-104.519099999999995	2015-05-23 19:08:51
037c2KLhcQiGvsTs7ecXyuYDerAO1QuBt	2	36.7725999999999971	-104.518159999999995	2015-05-23 18:58:51
0pzq3OyZpJE9PyQmWCk3pviodAxFl7TM9	2	36.7722399999999965	-104.517489999999995	2015-05-23 19:18:18
0LWYWEERuDDaC2tNqZPCrqrIxuhvRcIFE	2	36.7778300000000016	-104.519589999999994	2015-05-23 19:18:11
037c2KLhcQiGvsTs7ecXyuYDerAO1QuBt	2	36.7778300000000016	-104.51961	2015-05-23 19:18:51
081ldght1qiIPF0g0KTq16Y187PPzqZYd	2	36.7722300000000004	-104.517520000000005	2015-05-23 19:17:46
081ldght1qiIPF0g0KTq16Y187PPzqZYd	2	36.7724400000000031	-104.518029999999996	2015-05-23 19:07:46
081ldght1qiIPF0g0KTq16Y187PPzqZYd	2	36.7721900000000019	-104.517520000000005	2015-05-23 19:27:46
0pzq3OyZpJE9PyQmWCk3pviodAxFl7TM9	2	36.7722399999999965	-104.517529999999994	2015-05-23 19:28:15
0LWYWEERuDDaC2tNqZPCrqrIxuhvRcIFE	2	36.7770099999999971	-104.524349999999998	2015-05-23 19:28:07
037c2KLhcQiGvsTs7ecXyuYDerAO1QuBt	2	36.7772900000000007	-104.525180000000006	2015-05-23 19:28:50
081ldght1qiIPF0g0KTq16Y187PPzqZYd	2	36.7722399999999965	-104.517470000000003	2015-05-23 19:39:16
0pzq3OyZpJE9PyQmWCk3pviodAxFl7TM9	2	36.7722499999999997	-104.517520000000005	2015-05-23 19:39:25
0LWYWEERuDDaC2tNqZPCrqrIxuhvRcIFE	2	36.7754699999999985	-104.529650000000004	2015-05-23 19:38:06
037c2KLhcQiGvsTs7ecXyuYDerAO1QuBt	2	36.7754100000000008	-104.529539999999997	2015-05-23 19:38:55
081ldght1qiIPF0g0KTq16Y187PPzqZYd	2	36.7739800000000017	-104.521180000000001	2015-05-23 19:49:10
0pzq3OyZpJE9PyQmWCk3pviodAxFl7TM9	2	36.7746300000000019	-104.527450000000002	2015-05-23 19:49:19
037c2KLhcQiGvsTs7ecXyuYDerAO1QuBt	2	36.7754100000000008	-104.529529999999994	2015-05-23 19:48:51
0LWYWEERuDDaC2tNqZPCrqrIxuhvRcIFE	2	36.7754800000000017	-104.529619999999994	2015-05-23 19:48:30
081ldght1qiIPF0g0KTq16Y187PPzqZYd	2	36.7763100000000023	-104.528639999999996	2015-05-23 19:59:32
0pzq3OyZpJE9PyQmWCk3pviodAxFl7TM9	2	36.7742900000000006	-104.518550000000005	2015-05-23 19:59:44
0LWYWEERuDDaC2tNqZPCrqrIxuhvRcIFE	2	36.7754800000000017	-104.529619999999994	2015-05-23 19:58:30
037c2KLhcQiGvsTs7ecXyuYDerAO1QuBt	2	36.7754699999999985	-104.529619999999994	2015-05-23 19:59:01
081ldght1qiIPF0g0KTq16Y187PPzqZYd	2	36.7750800000000027	-104.500150000000005	2015-05-23 20:09:09
0pzq3OyZpJE9PyQmWCk3pviodAxFl7TM9	2	36.7481700000000018	-104.509860000000003	2015-05-23 20:09:20
037c2KLhcQiGvsTs7ecXyuYDerAO1QuBt	2	36.7754699999999985	-104.52946	2015-05-23 20:08:34
081ldght1qiIPF0g0KTq16Y187PPzqZYd	2	36.775030000000001	-104.500169999999997	2015-05-23 20:19:07
0pzq3OyZpJE9PyQmWCk3pviodAxFl7TM9	2	36.7479399999999998	-104.509889999999999	2015-05-23 20:19:21
037c2KLhcQiGvsTs7ecXyuYDerAO1QuBt	2	36.7754400000000032	-104.529529999999994	2015-05-23 20:18:31
081ldght1qiIPF0g0KTq16Y187PPzqZYd	2	36.7709199999999967	-104.501570000000001	2015-05-23 20:29:06
0pzq3OyZpJE9PyQmWCk3pviodAxFl7TM9	2	36.7502899999999997	-104.513990000000007	2015-05-23 20:29:18
037c2KLhcQiGvsTs7ecXyuYDerAO1QuBt	2	36.7754400000000032	-104.529619999999994	2015-05-23 20:28:31
0LWYWEERuDDaC2tNqZPCrqrIxuhvRcIFE	2	36.7754600000000025	-104.529619999999994	2015-05-23 20:32:03
081ldght1qiIPF0g0KTq16Y187PPzqZYd	2	36.7698699999999974	-104.500619999999998	2015-05-23 20:39:03
0pzq3OyZpJE9PyQmWCk3pviodAxFl7TM9	2	36.75291	-104.519059999999996	2015-05-23 20:39:20
081ldght1qiIPF0g0KTq16Y187PPzqZYd	2	36.7699599999999975	-104.500529999999998	2015-05-23 20:49:03
0pzq3OyZpJE9PyQmWCk3pviodAxFl7TM9	2	36.75291	-104.519059999999996	2015-05-23 20:49:20
0LWYWEERuDDaC2tNqZPCrqrIxuhvRcIFE	2	36.7744799999999969	-104.518839999999997	2015-05-23 20:51:51
0LWYWEERuDDaC2tNqZPCrqrIxuhvRcIFE	2	36.7743499999999983	-104.522270000000006	2015-05-23 20:41:51
037c2KLhcQiGvsTs7ecXyuYDerAO1QuBt	2	36.7745200000000025	-104.518839999999997	2015-05-23 20:48:41
037c2KLhcQiGvsTs7ecXyuYDerAO1QuBt	2	36.774560000000001	-104.523300000000006	2015-05-23 20:38:41
081ldght1qiIPF0g0KTq16Y187PPzqZYd	2	36.7699399999999983	-104.500690000000006	2015-05-23 20:59:39
037c2KLhcQiGvsTs7ecXyuYDerAO1QuBt	2	36.7701899999999995	-104.519009999999994	2015-05-23 20:58:41
0LWYWEERuDDaC2tNqZPCrqrIxuhvRcIFE	2	36.7771600000000021	-104.519679999999994	2015-05-23 21:02:11
081ldght1qiIPF0g0KTq16Y187PPzqZYd	2	36.7699700000000007	-104.501009999999994	2015-05-23 21:08:57
037c2KLhcQiGvsTs7ecXyuYDerAO1QuBt	2	36.7653000000000034	-104.519030000000001	2015-05-23 21:08:26
081ldght1qiIPF0g0KTq16Y187PPzqZYd	2	36.7700200000000024	-104.500990000000002	2015-05-23 21:18:46
0pzq3OyZpJE9PyQmWCk3pviodAxFl7TM9	2	36.753309999999999	-104.518659999999997	2015-05-23 21:18:15
037c2KLhcQiGvsTs7ecXyuYDerAO1QuBt	2	36.7584799999999987	-104.518659999999997	2015-05-23 21:18:13
0pzq3OyZpJE9PyQmWCk3pviodAxFl7TM9	2	36.7555499999999995	-104.516949999999994	2015-05-23 21:28:13
0LWYWEERuDDaC2tNqZPCrqrIxuhvRcIFE	2	36.7782800000000023	-104.5	2015-05-23 21:31:44
0LWYWEERuDDaC2tNqZPCrqrIxuhvRcIFE	2	36.777940000000001	-104.504980000000003	2015-05-23 21:21:44
0LWYWEERuDDaC2tNqZPCrqrIxuhvRcIFE	2	36.7780699999999996	-104.513390000000001	2015-05-23 21:11:44
037c2KLhcQiGvsTs7ecXyuYDerAO1QuBt	2	36.7529499999999985	-104.519180000000006	2015-05-23 21:28:11
0LWYWEERuDDaC2tNqZPCrqrIxuhvRcIFE	2	36.7782699999999991	-104.5	2015-05-23 21:41:42
0pzq3OyZpJE9PyQmWCk3pviodAxFl7TM9	2	36.7590000000000003	-104.513940000000005	2015-05-23 21:38:08
037c2KLhcQiGvsTs7ecXyuYDerAO1QuBt	2	36.7530000000000001	-104.519080000000002	2015-05-23 21:38:18
0pzq3OyZpJE9PyQmWCk3pviodAxFl7TM9	2	36.7631200000000007	-104.510509999999996	2015-05-23 21:48:08
0LWYWEERuDDaC2tNqZPCrqrIxuhvRcIFE	2	36.7782100000000014	-104.499830000000003	2015-05-23 21:51:32
037c2KLhcQiGvsTs7ecXyuYDerAO1QuBt	2	36.7539900000000017	-104.51831	2015-05-23 21:48:18
0pzq3OyZpJE9PyQmWCk3pviodAxFl7TM9	2	36.7669300000000021	-104.505750000000006	2015-05-23 21:58:31
0LWYWEERuDDaC2tNqZPCrqrIxuhvRcIFE	2	36.7751999999999981	-104.500309999999999	2015-05-23 22:01:44
037c2KLhcQiGvsTs7ecXyuYDerAO1QuBt	2	36.7587400000000031	-104.513850000000005	2015-05-23 21:58:36
0pzq3OyZpJE9PyQmWCk3pviodAxFl7TM9	2	36.7703500000000005	-104.501949999999994	2015-05-23 22:08:06
0LWYWEERuDDaC2tNqZPCrqrIxuhvRcIFE	2	36.772750000000002	-104.501009999999994	2015-05-23 22:11:14
037c2KLhcQiGvsTs7ecXyuYDerAO1QuBt	2	36.7633900000000011	-104.51097	2015-05-23 22:08:01
081ldght1qiIPF0g0KTq16Y187PPzqZYd	2	36.7601200000000006	-104.51464	2015-05-23 22:08:26
081ldght1qiIPF0g0KTq16Y187PPzqZYd	2	36.7623099999999994	-104.51267	2015-05-23 21:58:26
081ldght1qiIPF0g0KTq16Y187PPzqZYd	2	36.7556599999999989	-104.51773	2015-05-23 22:18:26
0pzq3OyZpJE9PyQmWCk3pviodAxFl7TM9	2	36.7700499999999977	-104.501040000000003	2015-05-23 22:18:07
0LWYWEERuDDaC2tNqZPCrqrIxuhvRcIFE	2	36.7700699999999969	-104.501069999999999	2015-05-23 22:21:21
037c2KLhcQiGvsTs7ecXyuYDerAO1QuBt	2	36.7663200000000003	-104.507490000000004	2015-05-23 22:18:02
0pzq3OyZpJE9PyQmWCk3pviodAxFl7TM9	2	36.7700200000000024	-104.501009999999994	2015-05-23 22:28:18
037c2KLhcQiGvsTs7ecXyuYDerAO1QuBt	2	36.7698999999999998	-104.501369999999994	2015-05-23 22:27:56
081ldght1qiIPF0g0KTq16Y187PPzqZYd	2	36.7529899999999969	-104.519059999999996	2015-05-23 22:28:16
081ldght1qiIPF0g0KTq16Y187PPzqZYd	2	36.7529899999999969	-104.519059999999996	2015-05-23 22:38:16
0pzq3OyZpJE9PyQmWCk3pviodAxFl7TM9	2	36.7700400000000016	-104.501040000000003	2015-05-23 22:38:08
0LWYWEERuDDaC2tNqZPCrqrIxuhvRcIFE	2	36.7700600000000009	-104.501069999999999	2015-05-23 22:41:08
0LWYWEERuDDaC2tNqZPCrqrIxuhvRcIFE	2	36.7700600000000009	-104.501069999999999	2015-05-23 22:31:08
037c2KLhcQiGvsTs7ecXyuYDerAO1QuBt	2	36.7700800000000001	-104.501009999999994	2015-05-23 22:37:53
081ldght1qiIPF0g0KTq16Y187PPzqZYd	2	36.7530100000000033	-104.519069999999999	2015-05-23 22:48:13
0pzq3OyZpJE9PyQmWCk3pviodAxFl7TM9	2	36.7700299999999984	-104.501040000000003	2015-05-23 22:48:10
0LWYWEERuDDaC2tNqZPCrqrIxuhvRcIFE	2	36.7693799999999982	-104.501800000000003	2015-05-23 22:50:58
037c2KLhcQiGvsTs7ecXyuYDerAO1QuBt	2	36.7700499999999977	-104.501009999999994	2015-05-23 22:47:50
0LWYWEERuDDaC2tNqZPCrqrIxuhvRcIFE	2	36.765349999999998	-104.508030000000005	2015-05-23 23:01:31
037c2KLhcQiGvsTs7ecXyuYDerAO1QuBt	2	36.7700400000000016	-104.501009999999994	2015-05-23 22:58:11
081ldght1qiIPF0g0KTq16Y187PPzqZYd	2	36.7529899999999969	-104.519059999999996	2015-05-23 22:58:02
0pzq3OyZpJE9PyQmWCk3pviodAxFl7TM9	2	36.7728800000000007	-104.497789999999995	2015-05-23 22:58:17
081ldght1qiIPF0g0KTq16Y187PPzqZYd	2	36.7529899999999969	-104.519059999999996	2015-05-23 23:08:02
0pzq3OyZpJE9PyQmWCk3pviodAxFl7TM9	2	36.7763599999999968	-104.500020000000006	2015-05-23 23:08:17
0LWYWEERuDDaC2tNqZPCrqrIxuhvRcIFE	2	36.7620799999999974	-104.512479999999996	2015-05-23 23:10:47
037c2KLhcQiGvsTs7ecXyuYDerAO1QuBt	2	36.7705500000000001	-104.499539999999996	2015-05-23 23:07:44
081ldght1qiIPF0g0KTq16Y187PPzqZYd	2	36.7533999999999992	-104.519239999999996	2015-05-23 23:17:58
0pzq3OyZpJE9PyQmWCk3pviodAxFl7TM9	2	36.7804000000000002	-104.503709999999998	2015-05-23 23:18:11
0LWYWEERuDDaC2tNqZPCrqrIxuhvRcIFE	2	36.7585499999999996	-104.515460000000004	2015-05-23 23:20:39
037c2KLhcQiGvsTs7ecXyuYDerAO1QuBt	2	36.7772199999999998	-104.498050000000006	2015-05-23 23:17:45
081ldght1qiIPF0g0KTq16Y187PPzqZYd	2	36.7596899999999991	-104.522750000000002	2015-05-23 23:27:57
0pzq3OyZpJE9PyQmWCk3pviodAxFl7TM9	2	36.7834799999999973	-104.502120000000005	2015-05-23 23:28:04
0LWYWEERuDDaC2tNqZPCrqrIxuhvRcIFE	2	36.754010000000001	-104.518259999999998	2015-05-23 23:30:32
037c2KLhcQiGvsTs7ecXyuYDerAO1QuBt	2	36.7841099999999983	-104.49539	2015-05-23 23:27:41
081ldght1qiIPF0g0KTq16Y187PPzqZYd	2	36.7654599999999974	-104.525919999999999	2015-05-23 23:37:52
0pzq3OyZpJE9PyQmWCk3pviodAxFl7TM9	2	36.7853800000000035	-104.496610000000004	2015-05-23 23:38:00
0LWYWEERuDDaC2tNqZPCrqrIxuhvRcIFE	2	36.7529600000000016	-104.519170000000003	2015-05-23 23:40:29
037c2KLhcQiGvsTs7ecXyuYDerAO1QuBt	2	36.790149999999997	-104.492859999999993	2015-05-23 23:37:34
081ldght1qiIPF0g0KTq16Y187PPzqZYd	2	36.7695500000000024	-104.527569999999997	2015-05-23 23:47:44
0pzq3OyZpJE9PyQmWCk3pviodAxFl7TM9	2	36.7912600000000012	-104.492859999999993	2015-05-23 23:48:00
0LWYWEERuDDaC2tNqZPCrqrIxuhvRcIFE	2	36.7529899999999969	-104.519170000000003	2015-05-23 23:50:22
0LWYWEERuDDaC2tNqZPCrqrIxuhvRcIFE	2	36.7545799999999971	-104.518109999999993	2015-05-24 00:00:42
081ldght1qiIPF0g0KTq16Y187PPzqZYd	2	36.7752600000000029	-104.529510000000002	2015-05-23 23:57:37
0pzq3OyZpJE9PyQmWCk3pviodAxFl7TM9	2	36.7939900000000009	-104.491960000000006	2015-05-23 23:57:58
037c2KLhcQiGvsTs7ecXyuYDerAO1QuBt	2	36.7939000000000007	-104.492019999999997	2015-05-23 23:57:23
037c2KLhcQiGvsTs7ecXyuYDerAO1QuBt	2	36.7938100000000006	-104.491929999999996	2015-05-23 23:47:23
081ldght1qiIPF0g0KTq16Y187PPzqZYd	2	36.7755599999999987	-104.529939999999996	2015-05-24 00:07:37
0pzq3OyZpJE9PyQmWCk3pviodAxFl7TM9	2	36.7940299999999993	-104.491960000000006	2015-05-24 00:07:58
0LWYWEERuDDaC2tNqZPCrqrIxuhvRcIFE	2	36.7617499999999993	-104.521479999999997	2015-05-24 00:10:14
037c2KLhcQiGvsTs7ecXyuYDerAO1QuBt	2	36.7938600000000022	-104.491929999999996	2015-05-24 00:07:23
081ldght1qiIPF0g0KTq16Y187PPzqZYd	2	36.7755300000000034	-104.529589999999999	2015-05-24 00:17:31
0pzq3OyZpJE9PyQmWCk3pviodAxFl7TM9	2	36.7939399999999992	-104.491929999999996	2015-05-24 00:17:56
0LWYWEERuDDaC2tNqZPCrqrIxuhvRcIFE	2	36.7676799999999986	-104.526690000000002	2015-05-24 00:20:07
037c2KLhcQiGvsTs7ecXyuYDerAO1QuBt	2	36.7939000000000007	-104.491960000000006	2015-05-24 00:17:16
081ldght1qiIPF0g0KTq16Y187PPzqZYd	2	36.775509999999997	-104.529510000000002	2015-05-24 00:32:31
0LWYWEERuDDaC2tNqZPCrqrIxuhvRcIFE	2	36.7723399999999998	-104.528189999999995	2015-05-24 00:29:54
0pzq3OyZpJE9PyQmWCk3pviodAxFl7TM9	2	36.7938899999999975	-104.492000000000004	2015-05-24 00:37:15
0LWYWEERuDDaC2tNqZPCrqrIxuhvRcIFE	2	36.7753000000000014	-104.529480000000007	2015-05-24 00:39:54
037c2KLhcQiGvsTs7ecXyuYDerAO1QuBt	2	36.7939799999999977	-104.492080000000001	2015-05-24 00:38:13
0pzq3OyZpJE9PyQmWCk3pviodAxFl7TM9	2	36.7939300000000031	-104.491929999999996	2015-05-24 00:46:45
0LWYWEERuDDaC2tNqZPCrqrIxuhvRcIFE	2	36.7755399999999995	-104.529619999999994	2015-05-24 00:42:32
0LWYWEERuDDaC2tNqZPCrqrIxuhvRcIFE	2	36.775509999999997	-104.529589999999999	2015-05-24 00:51:27
037c2KLhcQiGvsTs7ecXyuYDerAO1QuBt	2	36.7968800000000016	-104.492599999999996	2015-05-24 00:47:46
0pzq3OyZpJE9PyQmWCk3pviodAxFl7TM9	2	36.7973300000000023	-104.491669999999999	2015-05-24 00:56:44
0lqyZ4bNDuDmxePl9B4IBTATVfbW8DLyL	2	36.8454899999999981	-104.623760000000004	2015-05-24 00:58:07
0LWYWEERuDDaC2tNqZPCrqrIxuhvRcIFE	2	36.7794799999999995	-104.532640000000001	2015-05-24 01:01:19
037c2KLhcQiGvsTs7ecXyuYDerAO1QuBt	2	36.8016500000000022	-104.488529999999997	2015-05-24 00:57:48
0lqyZ4bNDuDmxePl9B4IBTATVfbW8DLyL	2	36.8454499999999996	-104.623750000000001	2015-05-24 01:07:21
0LWYWEERuDDaC2tNqZPCrqrIxuhvRcIFE	2	36.7815099999999973	-104.53819	2015-05-24 01:11:11
037c2KLhcQiGvsTs7ecXyuYDerAO1QuBt	2	36.8060199999999966	-104.487960000000001	2015-05-24 01:07:51
0LWYWEERuDDaC2tNqZPCrqrIxuhvRcIFE	2	36.7822000000000031	-104.539180000000002	2015-05-24 01:21:05
0pzq3OyZpJE9PyQmWCk3pviodAxFl7TM9	2	36.8038900000000027	-104.495679999999993	2015-05-24 01:26:44
0pzq3OyZpJE9PyQmWCk3pviodAxFl7TM9	2	36.8032499999999985	-104.493709999999993	2015-05-24 01:16:44
0pzq3OyZpJE9PyQmWCk3pviodAxFl7TM9	2	36.8011899999999983	-104.492590000000007	2015-05-24 01:06:44
081ldght1qiIPF0g0KTq16Y187PPzqZYd	2	36.775500000000001	-104.529589999999999	2015-05-24 01:24:01
0LWYWEERuDDaC2tNqZPCrqrIxuhvRcIFE	2	36.7853100000000026	-104.547269999999997	2015-05-24 01:30:59
081ldght1qiIPF0g0KTq16Y187PPzqZYd	2	36.7755900000000011	-104.529589999999999	2015-05-24 01:34:01
037c2KLhcQiGvsTs7ecXyuYDerAO1QuBt	2	36.8120699999999985	-104.489890000000003	2015-05-24 01:28:06
037c2KLhcQiGvsTs7ecXyuYDerAO1QuBt	2	36.809190000000001	-104.488770000000002	2015-05-24 01:18:06
081ldght1qiIPF0g0KTq16Y187PPzqZYd	2	36.7755399999999995	-104.529570000000007	2015-05-24 01:41:51
0pzq3OyZpJE9PyQmWCk3pviodAxFl7TM9	2	36.8061900000000009	-104.498410000000007	2015-05-24 01:37:01
037c2KLhcQiGvsTs7ecXyuYDerAO1QuBt	2	36.8145200000000017	-104.490489999999994	2015-05-24 01:38:06
0lqyZ4bNDuDmxePl9B4IBTATVfbW8DLyL	2	36.8453599999999994	-104.623689999999996	2015-05-24 01:42:50
0pzq3OyZpJE9PyQmWCk3pviodAxFl7TM9	2	36.8065799999999967	-104.501540000000006	2015-05-24 01:46:41
081ldght1qiIPF0g0KTq16Y187PPzqZYd	2	36.7761500000000012	-104.526340000000005	2015-05-24 01:51:47
0LWYWEERuDDaC2tNqZPCrqrIxuhvRcIFE	2	36.7894500000000022	-104.561070000000001	2015-05-24 01:50:53
0LWYWEERuDDaC2tNqZPCrqrIxuhvRcIFE	2	36.7885100000000023	-104.557040000000001	2015-05-24 01:40:53
0lqyZ4bNDuDmxePl9B4IBTATVfbW8DLyL	2	36.8453799999999987	-104.623660000000001	2015-05-24 01:52:43
0pzq3OyZpJE9PyQmWCk3pviodAxFl7TM9	2	36.8077400000000026	-104.506609999999995	2015-05-24 01:56:39
0NHajdvMm0QvFOVM5C8HV8UAVs2RMYxPX	2	36.8534399999999991	-104.593549999999993	2015-05-24 01:58:11
081ldght1qiIPF0g0KTq16Y187PPzqZYd	2	36.7777400000000014	-104.519710000000003	2015-05-24 02:11:44
081ldght1qiIPF0g0KTq16Y187PPzqZYd	2	36.7741400000000027	-104.519880000000001	2015-05-24 02:01:44
0lqyZ4bNDuDmxePl9B4IBTATVfbW8DLyL	2	36.8395399999999995	-104.617999999999995	2015-05-24 02:12:36
0pzq3OyZpJE9PyQmWCk3pviodAxFl7TM9	2	36.8088600000000028	-104.510189999999994	2015-05-24 02:16:31
0pzq3OyZpJE9PyQmWCk3pviodAxFl7TM9	2	36.8075699999999983	-104.50873	2015-05-24 02:06:31
037c2KLhcQiGvsTs7ecXyuYDerAO1QuBt	2	36.8232300000000023	-104.490710000000007	2015-05-24 02:07:27
037c2KLhcQiGvsTs7ecXyuYDerAO1QuBt	2	36.8186000000000035	-104.490449999999996	2015-05-24 01:57:27
081ldght1qiIPF0g0KTq16Y187PPzqZYd	2	36.7781099999999981	-104.526579999999996	2015-05-24 02:21:41
037c2KLhcQiGvsTs7ecXyuYDerAO1QuBt	2	36.82761	-104.492170000000002	2015-05-24 02:17:27
0lqyZ4bNDuDmxePl9B4IBTATVfbW8DLyL	2	36.8395099999999971	-104.617900000000006	2015-05-24 02:22:33
0NHajdvMm0QvFOVM5C8HV8UAVs2RMYxPX	2	36.8544399999999968	-104.578339999999997	2015-05-24 02:28:09
081ldght1qiIPF0g0KTq16Y187PPzqZYd	2	36.7798200000000008	-104.534130000000005	2015-05-24 02:31:35
0lqyZ4bNDuDmxePl9B4IBTATVfbW8DLyL	2	36.8396499999999989	-104.618089999999995	2015-05-24 02:32:37
0NHajdvMm0QvFOVM5C8HV8UAVs2RMYxPX	2	36.8552000000000035	-104.570599999999999	2015-05-24 02:38:32
081ldght1qiIPF0g0KTq16Y187PPzqZYd	2	36.7833200000000033	-104.541520000000006	2015-05-24 02:42:02
0pzq3OyZpJE9PyQmWCk3pviodAxFl7TM9	2	36.8110199999999992	-104.510279999999995	2015-05-24 02:46:22
037c2KLhcQiGvsTs7ecXyuYDerAO1QuBt	2	36.8352000000000004	-104.497330000000005	2015-05-24 02:37:16
037c2KLhcQiGvsTs7ecXyuYDerAO1QuBt	2	36.8324500000000015	-104.492519999999999	2015-05-24 02:27:16
0NHajdvMm0QvFOVM5C8HV8UAVs2RMYxPX	2	36.8573000000000022	-104.564419999999998	2015-05-24 02:48:32
0lqyZ4bNDuDmxePl9B4IBTATVfbW8DLyL	2	36.8393700000000024	-104.617900000000006	2015-05-24 02:42:30
081ldght1qiIPF0g0KTq16Y187PPzqZYd	2	36.786290000000001	-104.541870000000003	2015-05-24 02:51:33
0LWYWEERuDDaC2tNqZPCrqrIxuhvRcIFE	2	36.7930800000000033	-104.576520000000002	2015-05-24 02:50:24
0LWYWEERuDDaC2tNqZPCrqrIxuhvRcIFE	2	36.7930800000000033	-104.576520000000002	2015-05-24 02:40:24
0LWYWEERuDDaC2tNqZPCrqrIxuhvRcIFE	2	36.7930800000000033	-104.576520000000002	2015-05-24 02:30:24
037c2KLhcQiGvsTs7ecXyuYDerAO1QuBt	2	36.8340000000000032	-104.501109999999997	2015-05-24 02:47:16
0lqyZ4bNDuDmxePl9B4IBTATVfbW8DLyL	2	36.8393700000000024	-104.617900000000006	2015-05-24 02:52:30
0NHajdvMm0QvFOVM5C8HV8UAVs2RMYxPX	2	36.8589100000000016	-104.558520000000001	2015-05-24 02:57:54
0pzq3OyZpJE9PyQmWCk3pviodAxFl7TM9	2	36.8208399999999969	-104.505949999999999	2015-05-24 03:06:17
037c2KLhcQiGvsTs7ecXyuYDerAO1QuBt	2	36.8339700000000008	-104.501099999999994	2015-05-24 02:57:08
0lqyZ4bNDuDmxePl9B4IBTATVfbW8DLyL	2	36.8394400000000033	-104.617869999999996	2015-05-24 03:02:25
081ldght1qiIPF0g0KTq16Y187PPzqZYd	2	36.7885599999999968	-104.557109999999994	2015-05-24 03:11:26
081ldght1qiIPF0g0KTq16Y187PPzqZYd	2	36.7878299999999996	-104.549809999999994	2015-05-24 03:01:26
037c2KLhcQiGvsTs7ecXyuYDerAO1QuBt	2	36.8339700000000008	-104.501099999999994	2015-05-24 03:07:08
0NHajdvMm0QvFOVM5C8HV8UAVs2RMYxPX	2	36.8599600000000009	-104.551990000000004	2015-05-24 03:07:47
0lqyZ4bNDuDmxePl9B4IBTATVfbW8DLyL	2	36.8387499999999974	-104.617360000000005	2015-05-24 03:12:25
0NHajdvMm0QvFOVM5C8HV8UAVs2RMYxPX	2	36.8599200000000025	-104.551990000000004	2015-05-24 03:17:47
081ldght1qiIPF0g0KTq16Y187PPzqZYd	2	36.7891800000000018	-104.559950000000001	2015-05-24 03:21:23
037c2KLhcQiGvsTs7ecXyuYDerAO1QuBt	2	36.8321899999999971	-104.506240000000005	2015-05-24 03:17:03
037c2KLhcQiGvsTs7ecXyuYDerAO1QuBt	2	36.829189999999997	-104.508930000000007	2015-05-24 03:26:58
0pzq3OyZpJE9PyQmWCk3pviodAxFl7TM9	2	36.82714	-104.502809999999997	2015-05-24 03:36:38
0pzq3OyZpJE9PyQmWCk3pviodAxFl7TM9	2	36.8256399999999999	-104.50461	2015-05-24 03:26:38
0pzq3OyZpJE9PyQmWCk3pviodAxFl7TM9	2	36.8256399999999999	-104.50461	2015-05-24 03:16:38
081ldght1qiIPF0g0KTq16Y187PPzqZYd	2	36.7940499999999986	-104.569609999999997	2015-05-24 03:41:43
0NHajdvMm0QvFOVM5C8HV8UAVs2RMYxPX	2	36.859969999999997	-104.552040000000005	2015-05-24 03:38:02
0NHajdvMm0QvFOVM5C8HV8UAVs2RMYxPX	2	36.859969999999997	-104.552040000000005	2015-05-24 03:28:02
037c2KLhcQiGvsTs7ecXyuYDerAO1QuBt	2	36.8276600000000016	-104.509190000000004	2015-05-24 03:37:04
0NHajdvMm0QvFOVM5C8HV8UAVs2RMYxPX	2	36.8605700000000027	-104.551349999999999	2015-05-24 03:48:02
081ldght1qiIPF0g0KTq16Y187PPzqZYd	2	36.7932399999999973	-104.574219999999997	2015-05-24 03:51:14
081ldght1qiIPF0g0KTq16Y187PPzqZYd	2	36.7922099999999972	-104.565809999999999	2015-05-24 03:31:14
0LWYWEERuDDaC2tNqZPCrqrIxuhvRcIFE	2	36.7931299999999979	-104.576539999999994	2015-05-24 03:51:24
037c2KLhcQiGvsTs7ecXyuYDerAO1QuBt	2	36.8292900000000003	-104.508589999999998	2015-05-24 03:47:04
0pzq3OyZpJE9PyQmWCk3pviodAxFl7TM9	2	36.8295499999999976	-104.50291	2015-05-24 03:56:04
0pzq3OyZpJE9PyQmWCk3pviodAxFl7TM9	2	36.8277900000000002	-104.502309999999994	2015-05-24 03:46:04
037c2KLhcQiGvsTs7ecXyuYDerAO1QuBt	2	36.8292700000000011	-104.508390000000006	2015-05-24 03:56:52
0NHajdvMm0QvFOVM5C8HV8UAVs2RMYxPX	2	36.860599999999998	-104.551389999999998	2015-05-24 03:57:24
081ldght1qiIPF0g0KTq16Y187PPzqZYd	2	36.7930700000000002	-104.576539999999994	2015-05-24 04:01:34
0pzq3OyZpJE9PyQmWCk3pviodAxFl7TM9	2	36.8329799999999992	-104.503950000000003	2015-05-24 04:06:11
0LWYWEERuDDaC2tNqZPCrqrIxuhvRcIFE	2	36.793059999999997	-104.576580000000007	2015-05-24 03:59:59
081ldght1qiIPF0g0KTq16Y187PPzqZYd	2	36.7931600000000003	-104.576480000000004	2015-05-24 04:11:08
0LWYWEERuDDaC2tNqZPCrqrIxuhvRcIFE	2	36.792589999999997	-104.577610000000007	2015-05-24 04:09:59
0pzq3OyZpJE9PyQmWCk3pviodAxFl7TM9	2	36.8310099999999991	-104.508669999999995	2015-05-24 04:16:04
037c2KLhcQiGvsTs7ecXyuYDerAO1QuBt	2	36.8293899999999965	-104.508679999999998	2015-05-24 04:07:02
037c2KLhcQiGvsTs7ecXyuYDerAO1QuBt	2	36.8297299999999979	-104.508769999999998	2015-05-24 04:17:02
0pzq3OyZpJE9PyQmWCk3pviodAxFl7TM9	2	36.8299099999999981	-104.508880000000005	2015-05-24 04:26:12
0NHajdvMm0QvFOVM5C8HV8UAVs2RMYxPX	2	36.8606300000000005	-104.551299999999998	2015-05-24 04:27:23
037c2KLhcQiGvsTs7ecXyuYDerAO1QuBt	2	36.8297499999999971	-104.508870000000002	2015-05-24 04:27:02
037c2KLhcQiGvsTs7ecXyuYDerAO1QuBt	2	36.8298300000000012	-104.508830000000003	2015-05-24 04:37:38
037c2KLhcQiGvsTs7ecXyuYDerAO1QuBt	2	36.829819999999998	-104.50882	2015-05-24 04:46:53
0NHajdvMm0QvFOVM5C8HV8UAVs2RMYxPX	2	36.8605500000000035	-104.551329999999993	2015-05-24 04:47:32
0NHajdvMm0QvFOVM5C8HV8UAVs2RMYxPX	2	36.8605700000000027	-104.551280000000006	2015-05-24 04:37:03
0lqyZ4bNDuDmxePl9B4IBTATVfbW8DLyL	2	36.838709999999999	-104.617320000000007	2015-05-24 04:56:45
0lqyZ4bNDuDmxePl9B4IBTATVfbW8DLyL	2	36.8385000000000034	-104.617230000000006	2015-05-24 04:46:45
0LWYWEERuDDaC2tNqZPCrqrIxuhvRcIFE	2	36.8015199999999965	-104.600800000000007	2015-05-24 04:49:21
0LWYWEERuDDaC2tNqZPCrqrIxuhvRcIFE	2	36.7985200000000034	-104.595910000000003	2015-05-24 04:39:21
037c2KLhcQiGvsTs7ecXyuYDerAO1QuBt	2	36.8297099999999986	-104.508870000000002	2015-05-24 04:56:50
0NHajdvMm0QvFOVM5C8HV8UAVs2RMYxPX	2	36.8615599999999972	-104.550079999999994	2015-05-24 04:57:03
0LWYWEERuDDaC2tNqZPCrqrIxuhvRcIFE	2	36.8044799999999981	-104.604060000000004	2015-05-24 04:59:21
0lqyZ4bNDuDmxePl9B4IBTATVfbW8DLyL	2	36.8385200000000026	-104.617220000000003	2015-05-24 05:06:50
081ldght1qiIPF0g0KTq16Y187PPzqZYd	2	36.7930500000000009	-104.576480000000004	2015-05-24 05:05:23
0NHajdvMm0QvFOVM5C8HV8UAVs2RMYxPX	2	36.8640899999999974	-104.544330000000002	2015-05-24 05:06:59
037c2KLhcQiGvsTs7ecXyuYDerAO1QuBt	2	36.8298399999999972	-104.508830000000003	2015-05-24 05:07:03
081ldght1qiIPF0g0KTq16Y187PPzqZYd	2	36.7930500000000009	-104.576520000000002	2015-05-24 05:14:43
037c2KLhcQiGvsTs7ecXyuYDerAO1QuBt	2	36.8296800000000033	-104.508769999999998	2015-05-24 05:16:50
0NHajdvMm0QvFOVM5C8HV8UAVs2RMYxPX	2	36.8641999999999967	-104.536820000000006	2015-05-24 05:16:54
0NHajdvMm0QvFOVM5C8HV8UAVs2RMYxPX	2	36.8618400000000008	-104.534000000000006	2015-05-24 05:26:49
0lqyZ4bNDuDmxePl9B4IBTATVfbW8DLyL	2	36.835090000000001	-104.617779999999996	2015-05-24 05:26:22
081ldght1qiIPF0g0KTq16Y187PPzqZYd	2	36.7933400000000006	-104.576679999999996	2015-05-24 05:24:48
037c2KLhcQiGvsTs7ecXyuYDerAO1QuBt	2	36.8296199999999985	-104.508650000000003	2015-05-24 05:26:52
0LWYWEERuDDaC2tNqZPCrqrIxuhvRcIFE	2	36.8023799999999994	-104.606219999999993	2015-05-24 05:28:55
0lqyZ4bNDuDmxePl9B4IBTATVfbW8DLyL	2	36.8301299999999969	-104.618350000000007	2015-05-24 05:36:22
0lqyZ4bNDuDmxePl9B4IBTATVfbW8DLyL	2	36.8385000000000034	-104.617410000000007	2015-05-24 05:16:22
081ldght1qiIPF0g0KTq16Y187PPzqZYd	2	36.7931900000000027	-104.577789999999993	2015-05-24 05:34:26
0lqyZ4bNDuDmxePl9B4IBTATVfbW8DLyL	2	36.8275599999999983	-104.620530000000002	2015-05-24 05:46:40
0LWYWEERuDDaC2tNqZPCrqrIxuhvRcIFE	2	36.8051600000000008	-104.609139999999996	2015-05-24 05:39:01
037c2KLhcQiGvsTs7ecXyuYDerAO1QuBt	2	36.8323299999999989	-104.512600000000006	2015-05-24 05:46:36
037c2KLhcQiGvsTs7ecXyuYDerAO1QuBt	2	36.8302300000000002	-104.509169999999997	2015-05-24 05:36:36
0LWYWEERuDDaC2tNqZPCrqrIxuhvRcIFE	2	36.8100999999999985	-104.612660000000005	2015-05-24 05:49:01
0NHajdvMm0QvFOVM5C8HV8UAVs2RMYxPX	2	36.8577500000000029	-104.527619999999999	2015-05-24 05:56:35
0NHajdvMm0QvFOVM5C8HV8UAVs2RMYxPX	2	36.858310000000003	-104.528819999999996	2015-05-24 05:46:35
0NHajdvMm0QvFOVM5C8HV8UAVs2RMYxPX	2	36.8602399999999975	-104.530619999999999	2015-05-24 05:36:35
0lqyZ4bNDuDmxePl9B4IBTATVfbW8DLyL	2	36.8277199999999993	-104.620570000000001	2015-05-24 05:56:16
0pzq3OyZpJE9PyQmWCk3pviodAxFl7TM9	2	36.8299599999999998	-104.509029999999996	2015-05-24 05:49:35
037c2KLhcQiGvsTs7ecXyuYDerAO1QuBt	2	36.8327200000000019	-104.516570000000002	2015-05-24 05:56:33
0pzq3OyZpJE9PyQmWCk3pviodAxFl7TM9	2	36.8304699999999983	-104.509029999999996	2015-05-24 05:59:35
0LWYWEERuDDaC2tNqZPCrqrIxuhvRcIFE	2	36.8145700000000033	-104.614180000000005	2015-05-24 05:58:39
0pzq3OyZpJE9PyQmWCk3pviodAxFl7TM9	2	36.8335599999999985	-104.503749999999997	2015-05-24 06:09:26
0LWYWEERuDDaC2tNqZPCrqrIxuhvRcIFE	2	36.8153000000000006	-104.614350000000002	2015-05-24 06:08:39
081ldght1qiIPF0g0KTq16Y187PPzqZYd	2	36.7970200000000034	-104.582719999999995	2015-05-24 06:15:55
081ldght1qiIPF0g0KTq16Y187PPzqZYd	2	36.7962500000000006	-104.582210000000003	2015-05-24 06:05:55
081ldght1qiIPF0g0KTq16Y187PPzqZYd	2	36.7954799999999977	-104.580579999999998	2015-05-24 05:55:55
037c2KLhcQiGvsTs7ecXyuYDerAO1QuBt	2	36.8312600000000003	-104.521280000000004	2015-05-24 06:07:17
0LWYWEERuDDaC2tNqZPCrqrIxuhvRcIFE	2	36.8167600000000022	-104.614580000000004	2015-05-24 06:18:30
037c2KLhcQiGvsTs7ecXyuYDerAO1QuBt	2	36.8318599999999989	-104.526259999999994	2015-05-24 06:17:17
081ldght1qiIPF0g0KTq16Y187PPzqZYd	2	36.7958799999999968	-104.582139999999995	2015-05-24 06:24:35
0lqyZ4bNDuDmxePl9B4IBTATVfbW8DLyL	2	36.8235400000000013	-104.621049999999997	2015-05-24 06:36:06
0lqyZ4bNDuDmxePl9B4IBTATVfbW8DLyL	2	36.8250799999999998	-104.621560000000002	2015-05-24 06:26:06
0lqyZ4bNDuDmxePl9B4IBTATVfbW8DLyL	2	36.8273500000000027	-104.621049999999997	2015-05-24 06:16:06
0pzq3OyZpJE9PyQmWCk3pviodAxFl7TM9	2	36.8391599999999997	-104.501350000000002	2015-05-24 06:29:23
0pzq3OyZpJE9PyQmWCk3pviodAxFl7TM9	2	36.8374000000000024	-104.502809999999997	2015-05-24 06:19:23
0LWYWEERuDDaC2tNqZPCrqrIxuhvRcIFE	2	36.8190499999999972	-104.609840000000005	2015-05-24 06:28:25
0NHajdvMm0QvFOVM5C8HV8UAVs2RMYxPX	2	36.8576899999999981	-104.527709999999999	2015-05-24 06:39:31
0pzq3OyZpJE9PyQmWCk3pviodAxFl7TM9	2	36.840919999999997	-104.502380000000002	2015-05-24 06:39:23
0LWYWEERuDDaC2tNqZPCrqrIxuhvRcIFE	2	36.8233400000000017	-104.60718	2015-05-24 06:38:25
0lqyZ4bNDuDmxePl9B4IBTATVfbW8DLyL	2	36.8216800000000006	-104.622649999999993	2015-05-24 06:46:32
0NHajdvMm0QvFOVM5C8HV8UAVs2RMYxPX	2	36.8569299999999984	-104.524990000000003	2015-05-24 06:50:05
0lqyZ4bNDuDmxePl9B4IBTATVfbW8DLyL	2	36.8190999999999988	-104.619050000000001	2015-05-24 06:55:55
081ldght1qiIPF0g0KTq16Y187PPzqZYd	2	36.793219999999998	-104.576769999999996	2015-05-24 06:54:10
081ldght1qiIPF0g0KTq16Y187PPzqZYd	2	36.7931799999999996	-104.578569999999999	2015-05-24 06:44:10
0lqyZ4bNDuDmxePl9B4IBTATVfbW8DLyL	2	36.8190499999999972	-104.619060000000005	2015-05-24 07:05:57
081ldght1qiIPF0g0KTq16Y187PPzqZYd	2	36.7930100000000024	-104.576859999999996	2015-05-24 07:04:10
0LWYWEERuDDaC2tNqZPCrqrIxuhvRcIFE	2	36.8319199999999967	-104.604990000000001	2015-05-24 06:57:59
0LWYWEERuDDaC2tNqZPCrqrIxuhvRcIFE	2	36.8275900000000007	-104.606279999999998	2015-05-24 06:47:59
0LWYWEERuDDaC2tNqZPCrqrIxuhvRcIFE	2	36.8350999999999971	-104.606020000000001	2015-05-24 07:07:59
0NHajdvMm0QvFOVM5C8HV8UAVs2RMYxPX	2	36.853900000000003	-104.526529999999994	2015-05-24 07:09:13
0NHajdvMm0QvFOVM5C8HV8UAVs2RMYxPX	2	36.855400000000003	-104.524559999999994	2015-05-24 06:59:13
0lqyZ4bNDuDmxePl9B4IBTATVfbW8DLyL	2	36.8162900000000022	-104.619159999999994	2015-05-24 07:15:41
0NHajdvMm0QvFOVM5C8HV8UAVs2RMYxPX	2	36.8527800000000028	-104.528499999999994	2015-05-24 07:19:13
0pzq3OyZpJE9PyQmWCk3pviodAxFl7TM9	2	36.849490000000003	-104.50703	2015-05-24 07:19:09
081ldght1qiIPF0g0KTq16Y187PPzqZYd	2	36.7930199999999985	-104.576899999999995	2015-05-24 07:23:54
0pzq3OyZpJE9PyQmWCk3pviodAxFl7TM9	2	36.8462499999999977	-104.505399999999995	2015-05-24 07:09:02
037c2KLhcQiGvsTs7ecXyuYDerAO1QuBt	2	36.8341500000000011	-104.542479999999998	2015-05-24 07:26:07
0pzq3OyZpJE9PyQmWCk3pviodAxFl7TM9	2	36.8520800000000008	-104.505229999999997	2015-05-24 07:29:02
0lqyZ4bNDuDmxePl9B4IBTATVfbW8DLyL	2	36.8149500000000032	-104.616640000000004	2015-05-24 07:35:42
0lqyZ4bNDuDmxePl9B4IBTATVfbW8DLyL	2	36.8149900000000017	-104.616810000000001	2015-05-24 07:25:42
0LWYWEERuDDaC2tNqZPCrqrIxuhvRcIFE	2	36.8346799999999988	-104.607100000000003	2015-05-24 07:27:54
0LWYWEERuDDaC2tNqZPCrqrIxuhvRcIFE	2	36.8349800000000016	-104.602980000000002	2015-05-24 07:17:54
037c2KLhcQiGvsTs7ecXyuYDerAO1QuBt	2	36.834220000000002	-104.542559999999995	2015-05-24 07:36:32
037c2KLhcQiGvsTs7ecXyuYDerAO1QuBt	2	36.8340499999999977	-104.538179999999997	2015-05-24 07:16:32
0pzq3OyZpJE9PyQmWCk3pviodAxFl7TM9	2	36.8536500000000018	-104.504639999999995	2015-05-24 07:38:57
0LWYWEERuDDaC2tNqZPCrqrIxuhvRcIFE	2	36.8347699999999989	-104.607100000000003	2015-05-24 07:37:54
0NHajdvMm0QvFOVM5C8HV8UAVs2RMYxPX	2	36.8563499999999991	-104.523949999999999	2015-05-24 07:39:32
0NHajdvMm0QvFOVM5C8HV8UAVs2RMYxPX	2	36.8539900000000031	-104.526780000000002	2015-05-24 07:29:32
0lqyZ4bNDuDmxePl9B4IBTATVfbW8DLyL	2	36.8150100000000009	-104.616579999999999	2015-05-24 07:46:10
081ldght1qiIPF0g0KTq16Y187PPzqZYd	2	36.7920099999999977	-104.563919999999996	2015-05-24 07:43:52
037c2KLhcQiGvsTs7ecXyuYDerAO1QuBt	2	36.8343500000000006	-104.542469999999994	2015-05-24 07:46:04
0NHajdvMm0QvFOVM5C8HV8UAVs2RMYxPX	2	36.8580699999999979	-104.528239999999997	2015-05-24 07:49:32
081ldght1qiIPF0g0KTq16Y187PPzqZYd	2	36.7938299999999998	-104.571029999999993	2015-05-24 07:33:45
0pzq3OyZpJE9PyQmWCk3pviodAxFl7TM9	2	36.8548100000000005	-104.506200000000007	2015-05-24 07:49:31
081ldght1qiIPF0g0KTq16Y187PPzqZYd	2	36.7884200000000021	-104.556790000000007	2015-05-24 07:53:45
0pzq3OyZpJE9PyQmWCk3pviodAxFl7TM9	2	36.8549300000000031	-104.506129999999999	2015-05-24 07:58:47
037c2KLhcQiGvsTs7ecXyuYDerAO1QuBt	2	36.834859999999999	-104.544629999999998	2015-05-24 07:56:06
0NHajdvMm0QvFOVM5C8HV8UAVs2RMYxPX	2	36.8582299999999989	-104.529039999999995	2015-05-24 07:59:02
081ldght1qiIPF0g0KTq16Y187PPzqZYd	2	36.7875299999999967	-104.54871	2015-05-24 08:03:39
0LWYWEERuDDaC2tNqZPCrqrIxuhvRcIFE	2	36.8347399999999965	-104.606700000000004	2015-05-24 08:02:52
037c2KLhcQiGvsTs7ecXyuYDerAO1QuBt	2	36.8347800000000021	-104.548490000000001	2015-05-24 08:06:03
0NHajdvMm0QvFOVM5C8HV8UAVs2RMYxPX	2	36.8582299999999989	-104.529039999999995	2015-05-24 08:09:02
0pzq3OyZpJE9PyQmWCk3pviodAxFl7TM9	2	36.8535299999999992	-104.50909	2015-05-24 08:08:42
0LWYWEERuDDaC2tNqZPCrqrIxuhvRcIFE	2	36.8347300000000004	-104.607069999999993	2015-05-24 08:12:44
037c2KLhcQiGvsTs7ecXyuYDerAO1QuBt	2	36.8347800000000021	-104.5518	2015-05-24 08:16:00
0pzq3OyZpJE9PyQmWCk3pviodAxFl7TM9	2	36.8554400000000015	-104.513109999999998	2015-05-24 08:18:39
037c2KLhcQiGvsTs7ecXyuYDerAO1QuBt	2	36.8365200000000002	-104.556299999999993	2015-05-24 08:25:56
081ldght1qiIPF0g0KTq16Y187PPzqZYd	2	36.7816600000000022	-104.537750000000003	2015-05-24 08:23:23
081ldght1qiIPF0g0KTq16Y187PPzqZYd	2	36.7859499999999997	-104.541610000000006	2015-05-24 08:13:23
0pzq3OyZpJE9PyQmWCk3pviodAxFl7TM9	2	36.8554200000000023	-104.515370000000004	2015-05-24 08:28:35
081ldght1qiIPF0g0KTq16Y187PPzqZYd	2	36.7792099999999991	-104.531570000000002	2015-05-24 08:33:23
0pzq3OyZpJE9PyQmWCk3pviodAxFl7TM9	2	36.8569299999999984	-104.521270000000001	2015-05-24 08:39:03
081ldght1qiIPF0g0KTq16Y187PPzqZYd	2	36.7778899999999993	-104.52449	2015-05-24 08:43:28
0pzq3OyZpJE9PyQmWCk3pviodAxFl7TM9	2	36.8565899999999971	-104.523759999999996	2015-05-24 08:49:03
0LWYWEERuDDaC2tNqZPCrqrIxuhvRcIFE	2	36.8368400000000022	-104.611580000000004	2015-05-24 08:43:08
0LWYWEERuDDaC2tNqZPCrqrIxuhvRcIFE	2	36.8351200000000034	-104.607550000000003	2015-05-24 08:33:08
081ldght1qiIPF0g0KTq16Y187PPzqZYd	2	36.7783999999999978	-104.518739999999994	2015-05-24 08:53:28
0LWYWEERuDDaC2tNqZPCrqrIxuhvRcIFE	2	36.8380399999999995	-104.612870000000001	2015-05-24 08:53:08
0pzq3OyZpJE9PyQmWCk3pviodAxFl7TM9	2	36.8549500000000023	-104.525189999999995	2015-05-24 08:58:24
081ldght1qiIPF0g0KTq16Y187PPzqZYd	2	36.7780500000000004	-104.513239999999996	2015-05-24 09:03:16
0LWYWEERuDDaC2tNqZPCrqrIxuhvRcIFE	2	36.8389200000000017	-104.614789999999999	2015-05-24 09:02:23
0NHajdvMm0QvFOVM5C8HV8UAVs2RMYxPX	2	36.8561800000000019	-104.54298	2015-05-24 09:09:27
0pzq3OyZpJE9PyQmWCk3pviodAxFl7TM9	2	36.8533499999999989	-104.527850000000001	2015-05-24 09:08:22
0LWYWEERuDDaC2tNqZPCrqrIxuhvRcIFE	2	36.8393000000000015	-104.617720000000006	2015-05-24 09:12:13
081ldght1qiIPF0g0KTq16Y187PPzqZYd	2	36.7779299999999978	-104.507189999999994	2015-05-24 09:13:18
0pzq3OyZpJE9PyQmWCk3pviodAxFl7TM9	2	36.8555300000000017	-104.526520000000005	2015-05-24 09:18:14
081ldght1qiIPF0g0KTq16Y187PPzqZYd	2	36.7780199999999979	-104.50264	2015-05-24 09:23:18
0NHajdvMm0QvFOVM5C8HV8UAVs2RMYxPX	2	36.8545099999999977	-104.540419999999997	2015-05-24 09:29:29
0NHajdvMm0QvFOVM5C8HV8UAVs2RMYxPX	2	36.8551100000000034	-104.542389999999997	2015-05-24 09:19:29
0pzq3OyZpJE9PyQmWCk3pviodAxFl7TM9	2	36.8535299999999992	-104.527680000000004	2015-05-24 09:28:04
0NHajdvMm0QvFOVM5C8HV8UAVs2RMYxPX	2	36.854379999999999	-104.539990000000003	2015-05-24 09:39:29
0pzq3OyZpJE9PyQmWCk3pviodAxFl7TM9	2	36.8524600000000007	-104.530429999999996	2015-05-24 09:38:04
081ldght1qiIPF0g0KTq16Y187PPzqZYd	2	36.7790800000000004	-104.501630000000006	2015-05-24 09:43:10
0LWYWEERuDDaC2tNqZPCrqrIxuhvRcIFE	2	36.8423000000000016	-104.618099999999998	2015-05-24 09:42:11
0LWYWEERuDDaC2tNqZPCrqrIxuhvRcIFE	2	36.8394699999999986	-104.618009999999998	2015-05-24 09:32:11
0pzq3OyZpJE9PyQmWCk3pviodAxFl7TM9	2	36.8507800000000003	-104.535169999999994	2015-05-24 09:47:55
0LWYWEERuDDaC2tNqZPCrqrIxuhvRcIFE	2	36.8452600000000032	-104.618099999999998	2015-05-24 09:52:11
037c2KLhcQiGvsTs7ecXyuYDerAO1QuBt	2	36.8436599999999999	-104.568510000000003	2015-05-24 09:55:31
037c2KLhcQiGvsTs7ecXyuYDerAO1QuBt	2	36.8430999999999997	-104.569370000000006	2015-05-24 09:45:31
037c2KLhcQiGvsTs7ecXyuYDerAO1QuBt	2	36.8414700000000011	-104.568939999999998	2015-05-24 09:35:31
0pzq3OyZpJE9PyQmWCk3pviodAxFl7TM9	2	36.8508700000000005	-104.535430000000005	2015-05-24 09:57:55
081ldght1qiIPF0g0KTq16Y187PPzqZYd	2	36.7791300000000021	-104.501570000000001	2015-05-24 10:03:11
037c2KLhcQiGvsTs7ecXyuYDerAO1QuBt	2	36.8454199999999972	-104.568330000000003	2015-05-24 10:05:32
0NHajdvMm0QvFOVM5C8HV8UAVs2RMYxPX	2	36.8544100000000014	-104.53989	2015-05-24 10:16:19
0NHajdvMm0QvFOVM5C8HV8UAVs2RMYxPX	2	36.8544499999999999	-104.53998	2015-05-24 10:06:19
081ldght1qiIPF0g0KTq16Y187PPzqZYd	2	36.779200000000003	-104.501649999999998	2015-05-24 10:13:32
0pzq3OyZpJE9PyQmWCk3pviodAxFl7TM9	2	36.8508700000000005	-104.535319999999999	2015-05-24 10:07:45
0pzq3OyZpJE9PyQmWCk3pviodAxFl7TM9	2	36.850830000000002	-104.535229999999999	2015-05-24 10:17:45
081ldght1qiIPF0g0KTq16Y187PPzqZYd	2	36.779200000000003	-104.501570000000001	2015-05-24 10:22:45
0LWYWEERuDDaC2tNqZPCrqrIxuhvRcIFE	2	36.8454899999999981	-104.623859999999993	2015-05-24 10:31:33
081ldght1qiIPF0g0KTq16Y187PPzqZYd	2	36.7792400000000015	-104.501570000000001	2015-05-24 10:32:45
037c2KLhcQiGvsTs7ecXyuYDerAO1QuBt	2	36.8482600000000033	-104.566119999999998	2015-05-24 10:36:02
0lqyZ4bNDuDmxePl9B4IBTATVfbW8DLyL	2	36.8151599999999988	-104.616789999999995	2015-05-24 10:39:31
0LWYWEERuDDaC2tNqZPCrqrIxuhvRcIFE	2	36.8454600000000028	-104.62379	2015-05-24 10:41:28
0LWYWEERuDDaC2tNqZPCrqrIxuhvRcIFE	2	36.8454600000000028	-104.62379	2015-05-24 10:21:28
0NHajdvMm0QvFOVM5C8HV8UAVs2RMYxPX	2	36.8524499999999975	-104.541110000000003	2015-05-24 10:46:10
0NHajdvMm0QvFOVM5C8HV8UAVs2RMYxPX	2	36.8542500000000004	-104.538790000000006	2015-05-24 10:36:10
0NHajdvMm0QvFOVM5C8HV8UAVs2RMYxPX	2	36.8543400000000005	-104.539990000000003	2015-05-24 10:26:10
0lqyZ4bNDuDmxePl9B4IBTATVfbW8DLyL	2	36.8145099999999985	-104.614230000000006	2015-05-24 10:48:31
0LWYWEERuDDaC2tNqZPCrqrIxuhvRcIFE	2	36.8455200000000005	-104.623760000000004	2015-05-24 10:52:03
0lqyZ4bNDuDmxePl9B4IBTATVfbW8DLyL	2	36.8117599999999996	-104.613680000000002	2015-05-24 10:58:25
0LWYWEERuDDaC2tNqZPCrqrIxuhvRcIFE	2	36.8455299999999966	-104.623760000000004	2015-05-24 11:01:17
0pzq3OyZpJE9PyQmWCk3pviodAxFl7TM9	2	36.8509699999999967	-104.535390000000007	2015-05-24 11:03:44
0lqyZ4bNDuDmxePl9B4IBTATVfbW8DLyL	2	36.8082800000000034	-104.611009999999993	2015-05-24 11:08:18
0lqyZ4bNDuDmxePl9B4IBTATVfbW8DLyL	2	36.8021900000000031	-104.607820000000004	2015-05-24 11:18:11
081ldght1qiIPF0g0KTq16Y187PPzqZYd	2	36.7790099999999995	-104.501949999999994	2015-05-24 11:20:41
0LWYWEERuDDaC2tNqZPCrqrIxuhvRcIFE	2	36.8476599999999976	-104.613309999999998	2015-05-24 11:21:04
0LWYWEERuDDaC2tNqZPCrqrIxuhvRcIFE	2	36.8453400000000002	-104.620260000000002	2015-05-24 11:11:04
037c2KLhcQiGvsTs7ecXyuYDerAO1QuBt	2	36.8527699999999996	-104.567920000000001	2015-05-24 11:25:09
0lqyZ4bNDuDmxePl9B4IBTATVfbW8DLyL	2	36.8026800000000023	-104.604169999999996	2015-05-24 11:28:07
081ldght1qiIPF0g0KTq16Y187PPzqZYd	2	36.7813700000000026	-104.504900000000006	2015-05-24 11:29:41
0pzq3OyZpJE9PyQmWCk3pviodAxFl7TM9	2	36.8551000000000002	-104.525649999999999	2015-05-24 11:22:42
0pzq3OyZpJE9PyQmWCk3pviodAxFl7TM9	2	36.8523100000000028	-104.531660000000002	2015-05-24 11:12:42
0LWYWEERuDDaC2tNqZPCrqrIxuhvRcIFE	2	36.8515799999999984	-104.606840000000005	2015-05-24 11:30:58
0pzq3OyZpJE9PyQmWCk3pviodAxFl7TM9	2	36.8562200000000004	-104.527619999999999	2015-05-24 11:32:42
0lqyZ4bNDuDmxePl9B4IBTATVfbW8DLyL	2	36.8015899999999974	-104.600920000000002	2015-05-24 11:38:32
081ldght1qiIPF0g0KTq16Y187PPzqZYd	2	36.7853800000000035	-104.508150000000001	2015-05-24 11:39:38
037c2KLhcQiGvsTs7ecXyuYDerAO1QuBt	2	36.855400000000003	-104.567779999999999	2015-05-24 11:35:02
0pzq3OyZpJE9PyQmWCk3pviodAxFl7TM9	2	36.8574800000000025	-104.527559999999994	2015-05-24 11:42:42
037c2KLhcQiGvsTs7ecXyuYDerAO1QuBt	2	36.8564300000000031	-104.567440000000005	2015-05-24 11:45:02
0lqyZ4bNDuDmxePl9B4IBTATVfbW8DLyL	2	36.7985499999999988	-104.596019999999996	2015-05-24 11:47:56
081ldght1qiIPF0g0KTq16Y187PPzqZYd	2	36.7885399999999976	-104.504000000000005	2015-05-24 11:49:35
0LWYWEERuDDaC2tNqZPCrqrIxuhvRcIFE	2	36.8531499999999994	-104.589280000000002	2015-05-24 11:51:13
0LWYWEERuDDaC2tNqZPCrqrIxuhvRcIFE	2	36.8535400000000024	-104.597859999999997	2015-05-24 11:41:13
0pzq3OyZpJE9PyQmWCk3pviodAxFl7TM9	2	36.8609999999999971	-104.531689999999998	2015-05-24 11:52:37
0lqyZ4bNDuDmxePl9B4IBTATVfbW8DLyL	2	36.7939799999999977	-104.591070000000002	2015-05-24 11:57:48
081ldght1qiIPF0g0KTq16Y187PPzqZYd	2	36.7905200000000008	-104.498140000000006	2015-05-24 11:59:27
0lqyZ4bNDuDmxePl9B4IBTATVfbW8DLyL	2	36.7915800000000033	-104.583860000000001	2015-05-24 12:07:48
081ldght1qiIPF0g0KTq16Y187PPzqZYd	2	36.7906899999999979	-104.498050000000006	2015-05-24 12:09:27
0pzq3OyZpJE9PyQmWCk3pviodAxFl7TM9	2	36.8640699999999981	-104.537220000000005	2015-05-24 12:02:37
037c2KLhcQiGvsTs7ecXyuYDerAO1QuBt	2	36.8576400000000035	-104.562049999999999	2015-05-24 12:05:04
037c2KLhcQiGvsTs7ecXyuYDerAO1QuBt	2	36.8564799999999977	-104.567369999999997	2015-05-24 11:55:04
0pzq3OyZpJE9PyQmWCk3pviodAxFl7TM9	2	36.863430000000001	-104.546750000000003	2015-05-24 12:12:37
037c2KLhcQiGvsTs7ecXyuYDerAO1QuBt	2	36.8597899999999967	-104.556470000000004	2015-05-24 12:15:04
0NHajdvMm0QvFOVM5C8HV8UAVs2RMYxPX	2	36.8492200000000025	-104.553439999999995	2015-05-24 12:20:12
0NHajdvMm0QvFOVM5C8HV8UAVs2RMYxPX	2	36.8496099999999984	-104.549149999999997	2015-05-24 12:10:12
0NHajdvMm0QvFOVM5C8HV8UAVs2RMYxPX	2	36.8501699999999985	-104.546660000000003	2015-05-24 12:00:12
0lqyZ4bNDuDmxePl9B4IBTATVfbW8DLyL	2	36.792589999999997	-104.580250000000007	2015-05-24 12:17:43
0LWYWEERuDDaC2tNqZPCrqrIxuhvRcIFE	2	36.8561699999999988	-104.567610000000002	2015-05-24 12:20:28
0LWYWEERuDDaC2tNqZPCrqrIxuhvRcIFE	2	36.85501	-104.57611	2015-05-24 12:10:28
0LWYWEERuDDaC2tNqZPCrqrIxuhvRcIFE	2	36.85304	-104.583579999999998	2015-05-24 12:00:28
0pzq3OyZpJE9PyQmWCk3pviodAxFl7TM9	2	36.860599999999998	-104.551249999999996	2015-05-24 12:22:24
0NHajdvMm0QvFOVM5C8HV8UAVs2RMYxPX	2	36.8487799999999979	-104.556889999999996	2015-05-24 12:30:09
0lqyZ4bNDuDmxePl9B4IBTATVfbW8DLyL	2	36.792819999999999	-104.579250000000002	2015-05-24 12:28:01
0pzq3OyZpJE9PyQmWCk3pviodAxFl7TM9	2	36.8600399999999979	-104.552019999999999	2015-05-24 12:32:24
0NHajdvMm0QvFOVM5C8HV8UAVs2RMYxPX	2	36.8474900000000005	-104.557659999999998	2015-05-24 12:40:09
0lqyZ4bNDuDmxePl9B4IBTATVfbW8DLyL	2	36.7926100000000034	-104.577789999999993	2015-05-24 12:38:01
081ldght1qiIPF0g0KTq16Y187PPzqZYd	2	36.7938299999999998	-104.48715	2015-05-24 12:39:11
0LWYWEERuDDaC2tNqZPCrqrIxuhvRcIFE	2	36.8595400000000026	-104.552459999999996	2015-05-24 12:40:15
0LWYWEERuDDaC2tNqZPCrqrIxuhvRcIFE	2	36.858469999999997	-104.559759999999997	2015-05-24 12:30:15
0pzq3OyZpJE9PyQmWCk3pviodAxFl7TM9	2	36.8585599999999971	-104.559539999999998	2015-05-24 12:42:20
037c2KLhcQiGvsTs7ecXyuYDerAO1QuBt	2	36.8606499999999997	-104.551240000000007	2015-05-24 12:44:46
0LWYWEERuDDaC2tNqZPCrqrIxuhvRcIFE	2	36.8606800000000021	-104.551190000000005	2015-05-24 12:50:32
0lqyZ4bNDuDmxePl9B4IBTATVfbW8DLyL	2	36.793529999999997	-104.573250000000002	2015-05-24 12:47:27
081ldght1qiIPF0g0KTq16Y187PPzqZYd	2	36.7920599999999993	-104.484219999999993	2015-05-24 12:49:06
0lqyZ4bNDuDmxePl9B4IBTATVfbW8DLyL	2	36.7937000000000012	-104.568619999999996	2015-05-24 12:57:27
081ldght1qiIPF0g0KTq16Y187PPzqZYd	2	36.7903900000000021	-104.484560000000002	2015-05-24 12:59:06
0pzq3OyZpJE9PyQmWCk3pviodAxFl7TM9	2	36.8561699999999988	-104.567670000000007	2015-05-24 12:52:41
0LWYWEERuDDaC2tNqZPCrqrIxuhvRcIFE	2	36.860590000000002	-104.551240000000007	2015-05-24 13:00:07
0pzq3OyZpJE9PyQmWCk3pviodAxFl7TM9	2	36.8594700000000017	-104.557109999999994	2015-05-24 13:02:41
0LWYWEERuDDaC2tNqZPCrqrIxuhvRcIFE	2	36.8605700000000027	-104.551240000000007	2015-05-24 13:09:59
081ldght1qiIPF0g0KTq16Y187PPzqZYd	2	36.7904499999999999	-104.484589999999997	2015-05-24 13:09:48
0pzq3OyZpJE9PyQmWCk3pviodAxFl7TM9	2	36.860590000000002	-104.551180000000002	2015-05-24 13:12:14
037c2KLhcQiGvsTs7ecXyuYDerAO1QuBt	2	36.860599999999998	-104.551280000000006	2015-05-24 13:13:59
0lqyZ4bNDuDmxePl9B4IBTATVfbW8DLyL	2	36.7890700000000024	-104.55789	2015-05-24 13:17:18
081ldght1qiIPF0g0KTq16Y187PPzqZYd	2	36.7904899999999984	-104.484589999999997	2015-05-24 13:19:48
0NHajdvMm0QvFOVM5C8HV8UAVs2RMYxPX	2	36.8419999999999987	-104.556370000000001	2015-05-24 13:19:57
0NHajdvMm0QvFOVM5C8HV8UAVs2RMYxPX	2	36.8429399999999987	-104.557910000000007	2015-05-24 13:09:57
0lqyZ4bNDuDmxePl9B4IBTATVfbW8DLyL	2	36.7901900000000026	-104.56223	2015-05-24 13:07:14
037c2KLhcQiGvsTs7ecXyuYDerAO1QuBt	2	36.8597499999999982	-104.554720000000003	2015-05-24 13:23:58
0NHajdvMm0QvFOVM5C8HV8UAVs2RMYxPX	2	36.8406700000000029	-104.552340000000001	2015-05-24 13:29:57
0lqyZ4bNDuDmxePl9B4IBTATVfbW8DLyL	2	36.7890299999999968	-104.557940000000002	2015-05-24 13:27:14
081ldght1qiIPF0g0KTq16Y187PPzqZYd	2	36.7909900000000007	-104.484679999999997	2015-05-24 13:28:52
0pzq3OyZpJE9PyQmWCk3pviodAxFl7TM9	2	36.8605000000000018	-104.551180000000002	2015-05-24 13:22:08
0pzq3OyZpJE9PyQmWCk3pviodAxFl7TM9	2	36.8594700000000017	-104.552809999999994	2015-05-24 13:32:08
037c2KLhcQiGvsTs7ecXyuYDerAO1QuBt	2	36.8573900000000023	-104.563339999999997	2015-05-24 13:34:30
0lqyZ4bNDuDmxePl9B4IBTATVfbW8DLyL	2	36.7877700000000019	-104.553650000000005	2015-05-24 13:37:30
081ldght1qiIPF0g0KTq16Y187PPzqZYd	2	36.7935999999999979	-104.487319999999997	2015-05-24 13:38:49
0NHajdvMm0QvFOVM5C8HV8UAVs2RMYxPX	2	36.8389900000000026	-104.5471	2015-05-24 13:39:52
0NHajdvMm0QvFOVM5C8HV8UAVs2RMYxPX	2	36.8396800000000013	-104.543750000000003	2015-05-24 13:49:52
081ldght1qiIPF0g0KTq16Y187PPzqZYd	2	36.79392	-104.491929999999996	2015-05-24 13:48:54
0pzq3OyZpJE9PyQmWCk3pviodAxFl7TM9	2	36.857529999999997	-104.562160000000006	2015-05-24 13:42:10
0LWYWEERuDDaC2tNqZPCrqrIxuhvRcIFE	2	36.860590000000002	-104.551130000000001	2015-05-24 13:49:32
0pzq3OyZpJE9PyQmWCk3pviodAxFl7TM9	2	36.8552099999999996	-104.570999999999998	2015-05-24 13:52:10
0NHajdvMm0QvFOVM5C8HV8UAVs2RMYxPX	2	36.8400899999999965	-104.542450000000002	2015-05-24 14:00:15
081ldght1qiIPF0g0KTq16Y187PPzqZYd	2	36.79392	-104.491960000000006	2015-05-24 13:58:54
0LWYWEERuDDaC2tNqZPCrqrIxuhvRcIFE	2	36.8625299999999996	-104.548869999999994	2015-05-24 13:58:59
037c2KLhcQiGvsTs7ecXyuYDerAO1QuBt	2	36.8547300000000035	-104.577250000000006	2015-05-24 13:53:59
037c2KLhcQiGvsTs7ecXyuYDerAO1QuBt	2	36.8551599999999979	-104.570300000000003	2015-05-24 13:43:59
037c2KLhcQiGvsTs7ecXyuYDerAO1QuBt	2	36.8530599999999993	-104.583860000000001	2015-05-24 14:03:59
081ldght1qiIPF0g0KTq16Y187PPzqZYd	2	36.7938800000000015	-104.491910000000004	2015-05-24 14:08:39
0pzq3OyZpJE9PyQmWCk3pviodAxFl7TM9	2	36.8538799999999966	-104.580629999999999	2015-05-24 14:02:09
0NHajdvMm0QvFOVM5C8HV8UAVs2RMYxPX	2	36.8414700000000011	-104.541390000000007	2015-05-24 14:09:39
0pzq3OyZpJE9PyQmWCk3pviodAxFl7TM9	2	36.8530599999999993	-104.588700000000003	2015-05-24 14:12:09
0LWYWEERuDDaC2tNqZPCrqrIxuhvRcIFE	2	36.864370000000001	-104.539699999999996	2015-05-24 14:08:40
037c2KLhcQiGvsTs7ecXyuYDerAO1QuBt	2	36.8530799999999985	-104.588809999999995	2015-05-24 14:14:00
0NHajdvMm0QvFOVM5C8HV8UAVs2RMYxPX	2	36.8415999999999997	-104.538300000000007	2015-05-24 14:19:39
0LWYWEERuDDaC2tNqZPCrqrIxuhvRcIFE	2	36.8611900000000006	-104.532319999999999	2015-05-24 14:18:40
0LWYWEERuDDaC2tNqZPCrqrIxuhvRcIFE	2	36.8575400000000002	-104.526669999999996	2015-05-24 14:28:31
0NHajdvMm0QvFOVM5C8HV8UAVs2RMYxPX	2	36.8432099999999991	-104.533940000000001	2015-05-24 14:29:32
081ldght1qiIPF0g0KTq16Y187PPzqZYd	2	36.7938899999999975	-104.491960000000006	2015-05-24 14:29:30
0NHajdvMm0QvFOVM5C8HV8UAVs2RMYxPX	2	36.8413200000000032	-104.531710000000004	2015-05-24 14:39:32
081ldght1qiIPF0g0KTq16Y187PPzqZYd	2	36.7938899999999975	-104.491960000000006	2015-05-24 14:39:30
037c2KLhcQiGvsTs7ecXyuYDerAO1QuBt	2	36.8522699999999972	-104.602119999999999	2015-05-24 14:33:54
037c2KLhcQiGvsTs7ecXyuYDerAO1QuBt	2	36.853430000000003	-104.594139999999996	2015-05-24 14:23:54
0LWYWEERuDDaC2tNqZPCrqrIxuhvRcIFE	2	36.8546400000000034	-104.525689999999997	2015-05-24 14:39:11
037c2KLhcQiGvsTs7ecXyuYDerAO1QuBt	2	36.8508100000000027	-104.608639999999994	2015-05-24 14:43:54
0NHajdvMm0QvFOVM5C8HV8UAVs2RMYxPX	2	36.8398200000000031	-104.528850000000006	2015-05-24 14:49:40
0lqyZ4bNDuDmxePl9B4IBTATVfbW8DLyL	2	36.7864099999999965	-104.549899999999994	2015-05-24 14:50:11
081ldght1qiIPF0g0KTq16Y187PPzqZYd	2	36.7937000000000012	-104.491820000000004	2015-05-24 14:49:23
0pzq3OyZpJE9PyQmWCk3pviodAxFl7TM9	2	36.8523399999999981	-104.60575	2015-05-24 14:42:05
0pzq3OyZpJE9PyQmWCk3pviodAxFl7TM9	2	36.8529800000000023	-104.599140000000006	2015-05-24 14:32:05
0LWYWEERuDDaC2tNqZPCrqrIxuhvRcIFE	2	36.8539499999999975	-104.52646	2015-05-24 14:49:11
0pzq3OyZpJE9PyQmWCk3pviodAxFl7TM9	2	36.8494200000000021	-104.610380000000006	2015-05-24 14:52:05
037c2KLhcQiGvsTs7ecXyuYDerAO1QuBt	2	36.8470000000000013	-104.614620000000002	2015-05-24 14:53:50
0LWYWEERuDDaC2tNqZPCrqrIxuhvRcIFE	2	36.8541200000000018	-104.521929999999998	2015-05-24 14:58:19
0NHajdvMm0QvFOVM5C8HV8UAVs2RMYxPX	2	36.8395700000000019	-104.528180000000006	2015-05-24 14:59:26
0lqyZ4bNDuDmxePl9B4IBTATVfbW8DLyL	2	36.7838100000000026	-104.543570000000003	2015-05-24 14:59:36
081ldght1qiIPF0g0KTq16Y187PPzqZYd	2	36.79392	-104.491829999999993	2015-05-24 14:59:27
0pzq3OyZpJE9PyQmWCk3pviodAxFl7TM9	2	36.8470299999999966	-104.614900000000006	2015-05-24 15:02:55
037c2KLhcQiGvsTs7ecXyuYDerAO1QuBt	2	36.8454499999999996	-104.621729999999999	2015-05-24 15:03:54
0NHajdvMm0QvFOVM5C8HV8UAVs2RMYxPX	2	36.8392300000000006	-104.524829999999994	2015-05-24 15:09:26
0lqyZ4bNDuDmxePl9B4IBTATVfbW8DLyL	2	36.7811499999999967	-104.536619999999999	2015-05-24 15:09:36
081ldght1qiIPF0g0KTq16Y187PPzqZYd	2	36.79392	-104.491739999999993	2015-05-24 15:09:27
0LWYWEERuDDaC2tNqZPCrqrIxuhvRcIFE	2	36.851700000000001	-104.518000000000001	2015-05-24 15:08:11
0NHajdvMm0QvFOVM5C8HV8UAVs2RMYxPX	2	36.8393500000000031	-104.524730000000005	2015-05-24 15:19:26
0lqyZ4bNDuDmxePl9B4IBTATVfbW8DLyL	2	36.7782199999999975	-104.530150000000006	2015-05-24 15:19:33
081ldght1qiIPF0g0KTq16Y187PPzqZYd	2	36.792349999999999	-104.492069999999998	2015-05-24 15:19:18
0pzq3OyZpJE9PyQmWCk3pviodAxFl7TM9	2	36.8454499999999996	-104.620279999999994	2015-05-24 15:12:00
0LWYWEERuDDaC2tNqZPCrqrIxuhvRcIFE	2	36.850839999999998	-104.517060000000001	2015-05-24 15:18:11
037c2KLhcQiGvsTs7ecXyuYDerAO1QuBt	2	36.8455999999999975	-104.623639999999995	2015-05-24 15:14:02
0pzq3OyZpJE9PyQmWCk3pviodAxFl7TM9	2	36.8455799999999982	-104.623540000000006	2015-05-24 15:22:00
037c2KLhcQiGvsTs7ecXyuYDerAO1QuBt	2	36.8455999999999975	-104.623639999999995	2015-05-24 15:24:02
081ldght1qiIPF0g0KTq16Y187PPzqZYd	2	36.7899699999999967	-104.499849999999995	2015-05-24 15:29:52
0LWYWEERuDDaC2tNqZPCrqrIxuhvRcIFE	2	36.848709999999997	-104.513930000000002	2015-05-24 15:28:06
0NHajdvMm0QvFOVM5C8HV8UAVs2RMYxPX	2	36.8388500000000008	-104.523110000000003	2015-05-24 15:29:20
0lqyZ4bNDuDmxePl9B4IBTATVfbW8DLyL	2	36.7766799999999989	-104.52816	2015-05-24 15:29:25
0pzq3OyZpJE9PyQmWCk3pviodAxFl7TM9	2	36.8455799999999982	-104.623639999999995	2015-05-24 15:31:56
0NHajdvMm0QvFOVM5C8HV8UAVs2RMYxPX	2	36.8378200000000007	-104.520449999999997	2015-05-24 15:39:20
0lqyZ4bNDuDmxePl9B4IBTATVfbW8DLyL	2	36.7770200000000003	-104.526439999999994	2015-05-24 15:39:25
081ldght1qiIPF0g0KTq16Y187PPzqZYd	2	36.7879099999999966	-104.505979999999994	2015-05-24 15:38:58
0pzq3OyZpJE9PyQmWCk3pviodAxFl7TM9	2	36.8455399999999997	-104.623609999999999	2015-05-24 15:41:51
0LWYWEERuDDaC2tNqZPCrqrIxuhvRcIFE	2	36.8473400000000026	-104.513140000000007	2015-05-24 15:38:06
037c2KLhcQiGvsTs7ecXyuYDerAO1QuBt	2	36.8455399999999997	-104.623630000000006	2015-05-24 15:33:50
037c2KLhcQiGvsTs7ecXyuYDerAO1QuBt	2	36.8455399999999997	-104.623720000000006	2015-05-24 15:43:50
0NHajdvMm0QvFOVM5C8HV8UAVs2RMYxPX	2	36.8349499999999992	-104.518690000000007	2015-05-24 15:49:33
0lqyZ4bNDuDmxePl9B4IBTATVfbW8DLyL	2	36.7774100000000033	-104.523970000000006	2015-05-24 15:49:19
081ldght1qiIPF0g0KTq16Y187PPzqZYd	2	36.7833600000000018	-104.507199999999997	2015-05-24 15:48:48
0LWYWEERuDDaC2tNqZPCrqrIxuhvRcIFE	2	36.8468900000000019	-104.512100000000004	2015-05-24 15:47:56
0NHajdvMm0QvFOVM5C8HV8UAVs2RMYxPX	2	36.8343500000000006	-104.517150000000001	2015-05-24 15:59:33
0lqyZ4bNDuDmxePl9B4IBTATVfbW8DLyL	2	36.7780100000000019	-104.519589999999994	2015-05-24 15:59:19
081ldght1qiIPF0g0KTq16Y187PPzqZYd	2	36.7801400000000029	-104.511409999999998	2015-05-24 15:58:48
0LWYWEERuDDaC2tNqZPCrqrIxuhvRcIFE	2	36.8458600000000018	-104.510729999999995	2015-05-24 15:57:56
037c2KLhcQiGvsTs7ecXyuYDerAO1QuBt	2	36.8454600000000028	-104.623670000000004	2015-05-24 15:53:29
037c2KLhcQiGvsTs7ecXyuYDerAO1QuBt	2	36.8455000000000013	-104.623500000000007	2015-05-24 16:03:29
0NHajdvMm0QvFOVM5C8HV8UAVs2RMYxPX	2	36.8331599999999995	-104.515469999999993	2015-05-24 16:09:12
0lqyZ4bNDuDmxePl9B4IBTATVfbW8DLyL	2	36.7780800000000028	-104.513639999999995	2015-05-24 16:09:16
081ldght1qiIPF0g0KTq16Y187PPzqZYd	2	36.7781599999999997	-104.513949999999994	2015-05-24 16:08:45
081ldght1qiIPF0g0KTq16Y187PPzqZYd	2	36.7747000000000028	-104.517489999999995	2015-05-24 16:18:38
037c2KLhcQiGvsTs7ecXyuYDerAO1QuBt	2	36.8402200000000022	-104.618139999999997	2015-05-24 16:13:21
0NHajdvMm0QvFOVM5C8HV8UAVs2RMYxPX	2	36.8329099999999983	-104.513919999999999	2015-05-24 16:19:10
0lqyZ4bNDuDmxePl9B4IBTATVfbW8DLyL	2	36.7778700000000001	-104.50694	2015-05-24 16:19:10
0LWYWEERuDDaC2tNqZPCrqrIxuhvRcIFE	2	36.8486400000000032	-104.503460000000004	2015-05-24 16:17:27
0LWYWEERuDDaC2tNqZPCrqrIxuhvRcIFE	2	36.8462400000000017	-104.508439999999993	2015-05-24 16:07:27
037c2KLhcQiGvsTs7ecXyuYDerAO1QuBt	2	36.8393200000000007	-104.617540000000005	2015-05-24 16:23:21
0NHajdvMm0QvFOVM5C8HV8UAVs2RMYxPX	2	36.8322700000000012	-104.513580000000005	2015-05-24 16:29:10
0lqyZ4bNDuDmxePl9B4IBTATVfbW8DLyL	2	36.7782100000000014	-104.50179	2015-05-24 16:29:10
081ldght1qiIPF0g0KTq16Y187PPzqZYd	2	36.7743699999999976	-104.519120000000001	2015-05-24 16:29:01
0LWYWEERuDDaC2tNqZPCrqrIxuhvRcIFE	2	36.8429799999999972	-104.498829999999998	2015-05-24 16:27:27
0pzq3OyZpJE9PyQmWCk3pviodAxFl7TM9	2	36.8392699999999991	-104.617679999999993	2015-05-24 16:36:20
0pzq3OyZpJE9PyQmWCk3pviodAxFl7TM9	2	36.8392699999999991	-104.617509999999996	2015-05-24 16:26:20
0pzq3OyZpJE9PyQmWCk3pviodAxFl7TM9	2	36.8392300000000006	-104.617599999999996	2015-05-24 16:16:20
037c2KLhcQiGvsTs7ecXyuYDerAO1QuBt	2	36.8393599999999992	-104.617540000000005	2015-05-24 16:33:43
0NHajdvMm0QvFOVM5C8HV8UAVs2RMYxPX	2	36.8302300000000002	-104.508830000000003	2015-05-24 16:39:05
0lqyZ4bNDuDmxePl9B4IBTATVfbW8DLyL	2	36.7791799999999967	-104.501499999999993	2015-05-24 16:39:15
081ldght1qiIPF0g0KTq16Y187PPzqZYd	2	36.7777400000000014	-104.519589999999994	2015-05-24 16:38:32
0LWYWEERuDDaC2tNqZPCrqrIxuhvRcIFE	2	36.8378200000000007	-104.49709	2015-05-24 16:37:25
037c2KLhcQiGvsTs7ecXyuYDerAO1QuBt	2	36.8393099999999976	-104.617609999999999	2015-05-24 16:43:16
0NHajdvMm0QvFOVM5C8HV8UAVs2RMYxPX	2	36.8295299999999983	-104.508589999999998	2015-05-24 16:49:09
0lqyZ4bNDuDmxePl9B4IBTATVfbW8DLyL	2	36.7791899999999998	-104.501270000000005	2015-05-24 16:49:57
037c2KLhcQiGvsTs7ecXyuYDerAO1QuBt	2	36.8374400000000009	-104.614360000000005	2015-05-24 16:53:29
0NHajdvMm0QvFOVM5C8HV8UAVs2RMYxPX	2	36.8297099999999986	-104.508939999999996	2015-05-24 16:59:30
081ldght1qiIPF0g0KTq16Y187PPzqZYd	2	36.7778599999999969	-104.508399999999995	2015-05-24 16:58:15
081ldght1qiIPF0g0KTq16Y187PPzqZYd	2	36.7782499999999999	-104.515010000000004	2015-05-24 16:48:15
081ldght1qiIPF0g0KTq16Y187PPzqZYd	2	36.7781599999999997	-104.50179	2015-05-24 17:08:15
037c2KLhcQiGvsTs7ecXyuYDerAO1QuBt	2	36.8360500000000002	-104.608720000000005	2015-05-24 17:13:11
037c2KLhcQiGvsTs7ecXyuYDerAO1QuBt	2	36.8363099999999974	-104.61112	2015-05-24 17:03:11
0LWYWEERuDDaC2tNqZPCrqrIxuhvRcIFE	2	36.8327799999999996	-104.504900000000006	2015-05-24 17:17:06
0LWYWEERuDDaC2tNqZPCrqrIxuhvRcIFE	2	36.8327799999999996	-104.504900000000006	2015-05-24 17:07:06
037c2KLhcQiGvsTs7ecXyuYDerAO1QuBt	2	36.8365200000000002	-104.607600000000005	2015-05-24 17:23:11
081ldght1qiIPF0g0KTq16Y187PPzqZYd	2	36.7792299999999983	-104.501419999999996	2015-05-24 17:30:59
081ldght1qiIPF0g0KTq16Y187PPzqZYd	2	36.7791899999999998	-104.501419999999996	2015-05-24 17:20:59
0LWYWEERuDDaC2tNqZPCrqrIxuhvRcIFE	2	36.8328699999999998	-104.504900000000006	2015-05-24 17:27:06
0lqyZ4bNDuDmxePl9B4IBTATVfbW8DLyL	2	36.7792299999999983	-104.501509999999996	2015-05-24 17:28:36
0lqyZ4bNDuDmxePl9B4IBTATVfbW8DLyL	2	36.7791399999999982	-104.501000000000005	2015-05-24 17:18:36
037c2KLhcQiGvsTs7ecXyuYDerAO1QuBt	2	36.8347499999999997	-104.607029999999995	2015-05-24 17:33:35
0lqyZ4bNDuDmxePl9B4IBTATVfbW8DLyL	2	36.7792299999999983	-104.501419999999996	2015-05-24 17:38:36
0LWYWEERuDDaC2tNqZPCrqrIxuhvRcIFE	2	36.8327900000000028	-104.504900000000006	2015-05-24 17:37:00
0pzq3OyZpJE9PyQmWCk3pviodAxFl7TM9	2	36.8380999999999972	-104.614930000000001	2015-05-24 17:43:26
037c2KLhcQiGvsTs7ecXyuYDerAO1QuBt	2	36.834699999999998	-104.607069999999993	2015-05-24 17:43:07
0pzq3OyZpJE9PyQmWCk3pviodAxFl7TM9	2	36.8358399999999975	-104.615250000000003	2015-05-24 17:53:11
037c2KLhcQiGvsTs7ecXyuYDerAO1QuBt	2	36.834699999999998	-104.607069999999993	2015-05-24 17:53:07
0pzq3OyZpJE9PyQmWCk3pviodAxFl7TM9	2	36.8344400000000007	-104.613780000000006	2015-05-24 18:03:08
037c2KLhcQiGvsTs7ecXyuYDerAO1QuBt	2	36.8348700000000022	-104.606890000000007	2015-05-24 18:02:59
0LWYWEERuDDaC2tNqZPCrqrIxuhvRcIFE	2	36.832880000000003	-104.504900000000006	2015-05-24 18:10:00
0pzq3OyZpJE9PyQmWCk3pviodAxFl7TM9	2	36.8349400000000031	-104.610780000000005	2015-05-24 18:13:05
037c2KLhcQiGvsTs7ecXyuYDerAO1QuBt	2	36.8347399999999965	-104.606989999999996	2015-05-24 18:13:04
0NHajdvMm0QvFOVM5C8HV8UAVs2RMYxPX	2	36.8298599999999965	-104.508700000000005	2015-05-24 18:19:28
0LWYWEERuDDaC2tNqZPCrqrIxuhvRcIFE	2	36.8328399999999974	-104.504900000000006	2015-05-24 18:19:47
0pzq3OyZpJE9PyQmWCk3pviodAxFl7TM9	2	36.8351600000000019	-104.607069999999993	2015-05-24 18:23:04
037c2KLhcQiGvsTs7ecXyuYDerAO1QuBt	2	36.8347300000000004	-104.606859999999998	2015-05-24 18:22:52
0NHajdvMm0QvFOVM5C8HV8UAVs2RMYxPX	2	36.8329000000000022	-104.504469999999998	2015-05-24 18:29:20
0pzq3OyZpJE9PyQmWCk3pviodAxFl7TM9	2	36.8146500000000003	-104.614140000000006	2015-05-24 18:33:33
0LWYWEERuDDaC2tNqZPCrqrIxuhvRcIFE	2	36.8329900000000023	-104.50461	2015-05-24 18:29:32
037c2KLhcQiGvsTs7ecXyuYDerAO1QuBt	2	36.8147799999999989	-104.6143	2015-05-24 18:33:29
0NHajdvMm0QvFOVM5C8HV8UAVs2RMYxPX	2	36.8329799999999992	-104.504499999999993	2015-05-24 18:39:04
081ldght1qiIPF0g0KTq16Y187PPzqZYd	2	36.7792299999999983	-104.501499999999993	2015-05-24 18:41:35
081ldght1qiIPF0g0KTq16Y187PPzqZYd	2	36.7791399999999982	-104.501410000000007	2015-05-24 18:31:35
0LWYWEERuDDaC2tNqZPCrqrIxuhvRcIFE	2	36.8330300000000008	-104.50461	2015-05-24 18:39:32
0lqyZ4bNDuDmxePl9B4IBTATVfbW8DLyL	2	36.7792299999999983	-104.501720000000006	2015-05-24 18:44:57
0LWYWEERuDDaC2tNqZPCrqrIxuhvRcIFE	2	36.8330100000000016	-104.50461	2015-05-24 18:50:00
0lqyZ4bNDuDmxePl9B4IBTATVfbW8DLyL	2	36.7791899999999998	-104.501720000000006	2015-05-24 18:54:57
037c2KLhcQiGvsTs7ecXyuYDerAO1QuBt	2	36.7915300000000016	-104.58381	2015-05-24 18:52:41
037c2KLhcQiGvsTs7ecXyuYDerAO1QuBt	2	36.8040200000000013	-104.603039999999993	2015-05-24 18:42:41
037c2KLhcQiGvsTs7ecXyuYDerAO1QuBt	2	36.7838899999999995	-104.544070000000005	2015-05-24 19:02:41
0NHajdvMm0QvFOVM5C8HV8UAVs2RMYxPX	2	36.8359299999999976	-104.497249999999994	2015-05-24 19:21:01
081ldght1qiIPF0g0KTq16Y187PPzqZYd	2	36.779200000000003	-104.501530000000002	2015-05-24 19:21:33
0pzq3OyZpJE9PyQmWCk3pviodAxFl7TM9	2	36.7791500000000013	-104.501620000000003	2015-05-24 19:13:01
0pzq3OyZpJE9PyQmWCk3pviodAxFl7TM9	2	36.7836599999999976	-104.542479999999998	2015-05-24 19:03:01
0LWYWEERuDDaC2tNqZPCrqrIxuhvRcIFE	2	36.8330600000000032	-104.504379999999998	2015-05-24 19:17:55
0pzq3OyZpJE9PyQmWCk3pviodAxFl7TM9	2	36.7791100000000029	-104.501530000000002	2015-05-24 19:23:01
0NHajdvMm0QvFOVM5C8HV8UAVs2RMYxPX	2	36.8519900000000007	-104.485929999999996	2015-05-24 19:29:57
0LWYWEERuDDaC2tNqZPCrqrIxuhvRcIFE	2	36.8519199999999998	-104.486149999999995	2015-05-24 19:27:49
0lqyZ4bNDuDmxePl9B4IBTATVfbW8DLyL	2	36.7791799999999967	-104.501739999999998	2015-05-24 19:33:16
0NHajdvMm0QvFOVM5C8HV8UAVs2RMYxPX	2	36.8251100000000022	-104.444500000000005	2015-05-24 19:39:53
0LWYWEERuDDaC2tNqZPCrqrIxuhvRcIFE	2	36.8624000000000009	-104.440309999999997	2015-05-24 19:37:41
0LWYWEERuDDaC2tNqZPCrqrIxuhvRcIFE	2	36.7789300000000026	-104.501800000000003	2015-05-24 19:47:34
\.


--
-- Data for Name: event; Type: TABLE DATA; Schema: public; Owner: moat
--

COPY event (id, name, raceday) FROM stdin;
1	amazing race	2015-02-13
2	st-daybreaker-2015	2015-05-22
\.


--
-- Name: event_id_seq; Type: SEQUENCE SET; Schema: public; Owner: moat
--

SELECT pg_catalog.setval('event_id_seq', 2, true);


--
-- Data for Name: race_points; Type: TABLE DATA; Schema: public; Owner: moat
--

COPY race_points (event, name, description, latitude, longitude) FROM stdin;
2	Race to the Start!	Defensive Engagement #1	36.774623400000003	-104.518835999999993
2	Hunt!	Defensive Engagement #2	36.8300584999999998	-104.508870299999998
2	10-00!	Defensive Engagement #3	36.7937282999999979	-104.491403899999995
2	Devolve	Defensive Engagement #4	36.8454777999999976	-104.6237268
2	Port Richmand!	Response #1	36.7698777000000021	-104.500424699999996
2	Float!	Response #2	36.8392472000000026	-104.617600100000004
2	Split!	Response #3	36.860068499999997	-104.552373799999998
2	Versammlung!	Response #4	36.7530605999999977	-104.518984700000004
2	Watch!	Response #5	36.8346785000000025	-104.607069899999999
2	Problem #1	???	36.7927061999999978	-104.575564200000002
2	Problem #2	???	36.7754317999999998	-104.529423399999999
2	Start / Finish	The beginning of the end	36.7789708000000033	-104.501923399999995
\.


--
-- Name: competitor_location_pkey; Type: CONSTRAINT; Schema: public; Owner: moat; Tablespace: 
--

ALTER TABLE ONLY competitor_location
    ADD CONSTRAINT competitor_location_pkey PRIMARY KEY (competitor, event, "time");


--
-- Name: competitor_pkey; Type: CONSTRAINT; Schema: public; Owner: moat; Tablespace: 
--

ALTER TABLE ONLY competitor
    ADD CONSTRAINT competitor_pkey PRIMARY KEY (id);


--
-- Name: event_pkey; Type: CONSTRAINT; Schema: public; Owner: moat; Tablespace: 
--

ALTER TABLE ONLY event
    ADD CONSTRAINT event_pkey PRIMARY KEY (id);


--
-- Name: competitor_event_no_fkey; Type: FK CONSTRAINT; Schema: public; Owner: moat
--

ALTER TABLE ONLY competitor
    ADD CONSTRAINT competitor_event_no_fkey FOREIGN KEY (event_no) REFERENCES event(id);


--
-- Name: competitor_location_competitor_fkey; Type: FK CONSTRAINT; Schema: public; Owner: moat
--

ALTER TABLE ONLY competitor_location
    ADD CONSTRAINT competitor_location_competitor_fkey FOREIGN KEY (competitor) REFERENCES competitor(id);


--
-- Name: competitor_location_event_fkey; Type: FK CONSTRAINT; Schema: public; Owner: moat
--

ALTER TABLE ONLY competitor_location
    ADD CONSTRAINT competitor_location_event_fkey FOREIGN KEY (event) REFERENCES event(id);


--
-- Name: race_points_event_fkey; Type: FK CONSTRAINT; Schema: public; Owner: moat
--

ALTER TABLE ONLY race_points
    ADD CONSTRAINT race_points_event_fkey FOREIGN KEY (event) REFERENCES event(id);


--
-- Name: public; Type: ACL; Schema: -; Owner: postgres
--

REVOKE ALL ON SCHEMA public FROM PUBLIC;
REVOKE ALL ON SCHEMA public FROM postgres;
GRANT ALL ON SCHEMA public TO postgres;
GRANT ALL ON SCHEMA public TO PUBLIC;


--
-- PostgreSQL database dump complete
--

